inventory_id,factory_id,component_id,quantity_on_hand,reserved_quantity,safety_stock,available_quantity,usable_quantity,snapshot_date,unit_cost_usd
FI000001,F001,C001,96,4,8,92,84,2027-01-01,1.00
FI000002,F001,C002,24,4,4,20,16,2027-01-01,1.45
FI000003,F001,C003,50,0,4,50,46,2027-01-01,1.90
FI000004,F001,C004,52,0,8,52,44,2027-01-01,2.35
FI000005,F001,C005,36,4,4,32,28,2027-01-01,2.80
FI000006,F001,C006,148,0,8,148,140,2027-01-01,3.25
FI000007,F001,C007,76,8,8,68,60,2027-01-01,3.70
FI000008,F001,C008,50,4,4,46,42,2027-01-01,4.15
FI000009,F001,C009,136,0,8,136,128,2027-01-01,4.60
FI000010,F001,C010,0,0,0,0,0,2027-01-01,5.05
FI000011,F001,C012,136,8,8,128,120,2027-01-01,5.95
FI000012,F001,C013,100,8,8,92,84,2027-01-01,6.40
FI000013,F001,C014,148,8,8,140,132,2027-01-01,6.85
FI000014,F001,C015,52,2,4,50,46,2027-01-01,7.30
FI000015,F001,C016,48,4,8,44,36,2027-01-01,7.75
FI000016,F001,C017,52,4,8,48,40,2027-01-01,8.20
FI000017,F001,C018,60,0,8,60,52,2027-01-01,8.65
FI000018,F001,C019,78,0,4,78,74,2027-01-01,9.10
FI000019,F001,C020,0,0,0,0,0,2027-01-01,9.55
FI000020,F001,C021,62,2,4,60,56,2027-01-01,10.00
FI000021,F001,C022,108,4,8,104,96,2027-01-01,10.45
FI000022,F001,C023,26,0,4,26,22,2027-01-01,10.90
FI000023,F001,C024,56,8,8,48,40,2027-01-01,11.35
FI000024,F001,C027,136,4,8,132,124,2027-01-01,12.70
FI000025,F001,C028,36,0,4,36,32,2027-01-01,13.15
FI000026,F001,C029,132,4,8,128,120,2027-01-01,13.60
FI000027,F001,C030,152,8,8,144,136,2027-01-01,14.05
FI000028,F001,C033,132,4,8,128,120,2027-01-01,15.40
FI000029,F001,C034,64,2,4,62,58,2027-01-01,15.85
FI000030,F001,C035,12,1,2,11,9,2027-01-01,16.30
FI000031,F001,C037,60,4,4,56,52,2027-01-01,17.20
FI000032,F001,C038,26,2,2,24,22,2027-01-01,17.65
FI000033,F001,C044,33,0,2,33,31,2027-01-01,20.35
FI000034,F001,C045,50,0,4,50,46,2027-01-01,20.80
FI000035,F001,C046,46,4,4,42,38,2027-01-01,21.25
FI000036,F001,C047,21,2,2,19,17,2027-01-01,21.70
FI000037,F001,C049,160,4,8,156,148,2027-01-01,22.60
FI000038,F001,C052,108,4,8,104,96,2027-01-01,1.45
FI000039,F001,C053,34,2,4,32,28,2027-01-01,1.90
FI000040,F001,C056,140,0,8,140,132,2027-01-01,3.25
FI000041,F001,C059,17,0,2,17,15,2027-01-01,4.60
FI000042,F001,C063,152,4,8,148,140,2027-01-01,6.40
FI000043,F001,C064,58,0,4,58,54,2027-01-01,6.85
FI000044,F001,C066,52,4,4,48,44,2027-01-01,7.75
FI000045,F001,C068,74,2,4,72,68,2027-01-01,8.65
FI000046,F001,C071,23,2,2,21,19,2027-01-01,10.00
FI000047,F001,C073,128,4,8,124,116,2027-01-01,10.90
FI000048,F001,C076,50,0,4,50,46,2027-01-01,12.25
FI000049,F001,C079,108,4,8,104,96,2027-01-01,13.60
FI000050,F001,C080,14,0,2,14,12,2027-01-01,14.05
FI000051,F001,C081,38,2,4,36,32,2027-01-01,14.50
FI000052,F001,C082,37,1,2,36,34,2027-01-01,14.95
FI000053,F001,C084,26,0,2,26,24,2027-01-01,15.85
FI000054,F001,C087,104,0,8,104,96,2027-01-01,17.20
FI000055,F001,C089,70,0,4,70,66,2027-01-01,18.10
FI000056,F001,C091,28,4,4,24,20,2027-01-01,19.00
FI000057,F001,C092,56,2,4,54,50,2027-01-01,19.45
FI000058,F001,C094,78,2,4,76,72,2027-01-01,20.35
FI000059,F001,C096,34,0,2,34,32,2027-01-01,21.25
FI000060,F001,C097,40,1,2,39,37,2027-01-01,21.70
FI000061,F001,C098,80,0,4,80,76,2027-01-01,22.15
FI000062,F001,C099,0,0,0,0,0,2027-01-01,22.60
FI000063,F001,C101,37,1,2,36,34,2027-01-01,1.00
FI000064,F001,C104,46,4,4,42,38,2027-01-01,2.35
FI000065,F001,C105,52,4,8,48,40,2027-01-01,2.80
FI000066,F001,C107,24,2,4,22,18,2027-01-01,3.70
FI000067,F001,C111,66,4,4,62,58,2027-01-01,5.50
FI000068,F001,C112,72,4,4,68,64,2027-01-01,5.95
FI000069,F001,C117,29,0,2,29,27,2027-01-01,8.20
FI000070,F001,C120,62,2,4,60,56,2027-01-01,9.55
FI000071,F001,C122,52,2,4,50,46,2027-01-01,10.45
FI000072,F001,C123,42,2,4,40,36,2027-01-01,10.90
FI000073,F001,C125,40,1,2,39,37,2027-01-01,11.80
FI000074,F001,C127,38,2,4,36,32,2027-01-01,12.70
FI000075,F001,C130,32,1,2,31,29,2027-01-01,14.05
FI000076,F001,C132,36,2,4,34,30,2027-01-01,14.95
FI000077,F001,C136,108,8,8,100,92,2027-01-01,16.75
FI000078,F001,C138,19,2,2,17,15,2027-01-01,17.65
FI000079,F001,C139,40,1,2,39,37,2027-01-01,18.10
FI000080,F001,C140,68,4,8,64,56,2027-01-01,18.55
FI000081,F001,C141,32,1,2,31,29,2027-01-01,19.00
FI000082,F001,C143,29,0,2,29,27,2027-01-01,19.90
FI000083,F001,C144,15,1,2,14,12,2027-01-01,20.35
FI000084,F001,C157,96,4,8,92,84,2027-01-01,3.70
FI000085,F001,C162,48,2,4,46,42,2027-01-01,5.95
FI000086,F001,C168,78,0,4,78,74,2027-01-01,8.65
FI000087,F001,C169,76,0,8,76,68,2027-01-01,9.10
FI000088,F001,C170,54,0,4,54,50,2027-01-01,9.55
FI000089,F001,C174,112,8,8,104,96,2027-01-01,11.35
FI000090,F001,C175,39,2,2,37,35,2027-01-01,11.80
FI000091,F001,C178,56,4,8,52,44,2027-01-01,13.15
FI000092,F001,C179,62,0,4,62,58,2027-01-01,13.60
FI000093,F001,C180,27,2,2,25,23,2027-01-01,14.05
FI000094,F001,C184,66,4,4,62,58,2027-01-01,15.85
FI000095,F001,C187,12,0,2,12,10,2027-01-01,17.20
FI000096,F001,C188,38,2,4,36,32,2027-01-01,17.65
FI000097,F001,C193,23,2,2,21,19,2027-01-01,19.90
FI000098,F001,C194,26,0,2,26,24,2027-01-01,20.35
FI000099,F001,C195,132,8,8,124,116,2027-01-01,20.80
FI000100,F001,C199,26,0,4,26,22,2027-01-01,22.60
FI000101,F001,C201,156,8,8,148,140,2027-01-01,1.00
FI000102,F001,C202,58,0,4,58,54,2027-01-01,1.45
FI000103,F001,C203,24,0,4,24,20,2027-01-01,1.90
FI000104,F001,C207,20,0,2,20,18,2027-01-01,3.70
FI000105,F001,C208,29,1,2,28,26,2027-01-01,4.15
FI000106,F001,C209,32,4,4,28,24,2027-01-01,4.60
FI000107,F001,C210,37,0,2,37,35,2027-01-01,5.05
FI000108,F001,C213,160,8,8,152,144,2027-01-01,6.40
FI000109,F001,C214,34,2,4,32,28,2027-01-01,6.85
FI000110,F001,C216,30,4,4,26,22,2027-01-01,7.75
FI000111,F001,C219,72,2,4,70,66,2027-01-01,9.10
FI000112,F001,C221,44,4,4,40,36,2027-01-01,10.00
FI000113,F001,C222,24,2,2,22,20,2027-01-01,10.45
FI000114,F001,C224,56,4,8,52,44,2027-01-01,11.35
FI000115,F001,C225,28,4,4,24,20,2027-01-01,11.80
FI000116,F001,C228,62,4,4,58,54,2027-01-01,13.15
FI000117,F001,C229,56,8,8,48,40,2027-01-01,13.60
FI000118,F001,C230,39,0,2,39,37,2027-01-01,14.05
FI000119,F001,C231,46,0,4,46,42,2027-01-01,14.50
FI000120,F001,C232,23,2,2,21,19,2027-01-01,14.95
FI000121,F001,C233,26,4,4,22,18,2027-01-01,15.40
FI000122,F001,C234,23,2,2,21,19,2027-01-01,15.85
FI000123,F001,C236,18,0,2,18,16,2027-01-01,16.75
FI000124,F001,C238,152,4,8,148,140,2027-01-01,17.65
FI000125,F001,C240,12,0,2,12,10,2027-01-01,18.55
FI000126,F001,C241,38,1,2,37,35,2027-01-01,19.00
FI000127,F001,C242,92,4,8,88,80,2027-01-01,19.45
FI000128,F001,C244,38,0,2,38,36,2027-01-01,20.35
FI000129,F001,C245,72,8,8,64,56,2027-01-01,20.80
FI000130,F001,C247,34,2,2,32,30,2027-01-01,21.70
FI000131,F001,C251,36,2,2,34,32,2027-01-01,1.00
FI000132,F001,C253,12,1,2,11,9,2027-01-01,1.90
FI000133,F001,C254,66,4,4,62,58,2027-01-01,2.35
FI000134,F001,C256,70,4,4,66,62,2027-01-01,3.25
FI000135,F001,C261,16,1,2,15,13,2027-01-01,5.50
FI000136,F001,C263,152,0,8,152,144,2027-01-01,6.40
FI000137,F001,C265,18,0,2,18,16,2027-01-01,7.30
FI000138,F001,C267,12,1,2,11,9,2027-01-01,8.20
FI000139,F001,C268,156,8,8,148,140,2027-01-01,8.65
FI000140,F001,C269,78,2,4,76,72,2027-01-01,9.10
FI000141,F001,C270,20,2,2,18,16,2027-01-01,9.55
FI000142,F001,C272,31,1,2,30,28,2027-01-01,10.45
FI000143,F001,C274,0,0,0,0,0,2027-01-01,11.35
FI000144,F001,C277,29,1,2,28,26,2027-01-01,12.70
FI000145,F001,C279,30,4,4,26,22,2027-01-01,13.60
FI000146,F001,C283,30,4,4,26,22,2027-01-01,15.40
FI000147,F001,C285,23,0,2,23,21,2027-01-01,16.30
FI000148,F001,C286,35,2,2,33,31,2027-01-01,16.75
FI000149,F001,C289,29,1,2,28,26,2027-01-01,18.10
FI000150,F001,C299,14,1,2,13,11,2027-01-01,22.60
FI000151,F001,C301,38,4,4,34,30,2027-01-01,1.00
FI000152,F001,C306,30,1,2,29,27,2027-01-01,3.25
FI000153,F001,C312,26,2,2,24,22,2027-01-01,5.95
FI000154,F001,C314,156,0,8,156,148,2027-01-01,6.85
FI000155,F001,C315,62,2,4,60,56,2027-01-01,7.30
FI000156,F001,C320,70,2,4,68,64,2027-01-01,9.55
FI000157,F001,C322,24,2,4,22,18,2027-01-01,10.45
FI000158,F001,C326,13,0,2,13,11,2027-01-01,12.25
FI000159,F001,C330,108,8,8,100,92,2027-01-01,14.05
FI000160,F001,C331,30,0,4,30,26,2027-01-01,14.50
FI000161,F001,C333,18,2,2,16,14,2027-01-01,15.40
FI000162,F001,C334,52,8,8,44,36,2027-01-01,15.85
FI000163,F001,C337,34,1,2,33,31,2027-01-01,17.20
FI000164,F001,C343,156,4,8,152,144,2027-01-01,19.90
FI000165,F001,C351,52,2,4,50,46,2027-01-01,1.00
FI000166,F001,C363,40,2,4,38,34,2027-01-01,6.40
FI000167,F001,C364,20,1,2,19,17,2027-01-01,6.85
FI000168,F001,C369,48,0,8,48,40,2027-01-01,9.10
FI000169,F001,C370,23,2,2,21,19,2027-01-01,9.55
FI000170,F001,C372,33,2,2,31,29,2027-01-01,10.45
FI000171,F001,C381,16,0,2,16,14,2027-01-01,14.50
FI000172,F001,C382,15,0,2,15,13,2027-01-01,14.95
FI000173,F001,C386,136,0,8,136,128,2027-01-01,16.75
FI000174,F001,C387,34,2,4,32,28,2027-01-01,17.20
FI000175,F001,C388,20,2,2,18,16,2027-01-01,17.65
FI000176,F001,C390,32,4,4,28,24,2027-01-01,18.55
FI000177,F001,C392,39,1,2,38,36,2027-01-01,19.45
FI000178,F001,C394,128,8,8,120,112,2027-01-01,20.35
FI000179,F001,C395,18,1,2,17,15,2027-01-01,20.80
FI000180,F001,C396,12,1,2,11,9,2027-01-01,21.25
FI000181,F001,C397,68,4,4,64,60,2027-01-01,21.70
FI000182,F001,C398,38,1,2,37,35,2027-01-01,22.15
FI000183,F001,C399,31,1,2,30,28,2027-01-01,22.60
FI000184,F001,C400,66,4,4,62,58,2027-01-01,23.05
FI000185,F001,C402,64,0,4,64,60,2027-01-01,1.45
FI000186,F001,C405,31,2,2,29,27,2027-01-01,2.80
FI000187,F001,C407,62,2,4,60,56,2027-01-01,3.70
FI000188,F001,C410,64,4,4,60,56,2027-01-01,5.05
FI000189,F001,C411,38,0,4,38,34,2027-01-01,5.50
FI000190,F001,C412,25,2,2,23,21,2027-01-01,5.95
FI000191,F001,C413,13,1,2,12,10,2027-01-01,6.40
FI000192,F001,C415,48,0,8,48,40,2027-01-01,7.30
FI000193,F001,C417,24,2,4,22,18,2027-01-01,8.20
FI000194,F001,C421,116,4,8,112,104,2027-01-01,10.00
FI000195,F001,C424,35,1,2,34,32,2027-01-01,11.35
FI000196,F001,C427,15,1,2,14,12,2027-01-01,12.70
FI000197,F001,C428,22,2,2,20,18,2027-01-01,13.15
FI000198,F001,C429,72,2,4,70,66,2027-01-01,13.60
FI000199,F001,C431,31,2,2,29,27,2027-01-01,14.50
FI000200,F001,C435,74,4,4,70,66,2027-01-01,16.30
FI000201,F001,C437,48,8,8,40,32,2027-01-01,17.20
FI000202,F001,C439,35,0,2,35,33,2027-01-01,18.10
FI000203,F001,C440,124,4,8,120,112,2027-01-01,18.55
FI000204,F001,C441,0,0,0,0,0,2027-01-01,19.00
FI000205,F001,C442,27,1,2,26,24,2027-01-01,19.45
FI000206,F001,C443,30,2,2,28,26,2027-01-01,19.90
FI000207,F001,C445,80,0,8,80,72,2027-01-01,20.80
FI000208,F001,C453,160,0,8,160,152,2027-01-01,1.90
FI000209,F001,C454,68,4,4,64,60,2027-01-01,2.35
FI000210,F001,C455,29,2,2,27,25,2027-01-01,2.80
FI000211,F001,C458,25,2,2,23,21,2027-01-01,4.15
FI000212,F001,C460,144,0,8,144,136,2027-01-01,5.05
FI000213,F001,C467,76,2,4,74,70,2027-01-01,8.20
FI000214,F001,C468,21,0,2,21,19,2027-01-01,8.65
FI000215,F001,C475,70,0,4,70,66,2027-01-01,11.80
FI000216,F001,C476,42,2,4,40,36,2027-01-01,12.25
FI000217,F001,C477,72,4,8,68,60,2027-01-01,12.70
FI000218,F001,C479,56,0,4,56,52,2027-01-01,13.60
FI000219,F001,C480,72,2,4,70,66,2027-01-01,14.05
FI000220,F001,C481,0,0,0,0,0,2027-01-01,14.50
FI000221,F001,C483,19,1,2,18,16,2027-01-01,15.40
FI000222,F001,C486,0,0,0,0,0,2027-01-01,16.75
FI000223,F001,C488,96,8,8,88,80,2027-01-01,17.65
FI000224,F001,C489,74,2,4,72,68,2027-01-01,18.10
FI000225,F001,C490,26,0,4,26,22,2027-01-01,18.55
FI000226,F001,C498,39,2,2,37,35,2027-01-01,22.15
FI000227,F001,C499,34,0,4,34,30,2027-01-01,22.60
FI000228,F001,C500,36,2,4,34,30,2027-01-01,23.05
FI000229,F002,C001,56,4,8,52,44,2027-01-01,1.00
FI000230,F002,C002,120,8,8,112,104,2027-01-01,1.45
FI000231,F002,C003,70,2,4,68,64,2027-01-01,1.90
FI000232,F002,C004,52,4,8,48,40,2027-01-01,2.35
FI000233,F002,C005,100,8,8,92,84,2027-01-01,2.80
FI000234,F002,C006,64,8,8,56,48,2027-01-01,3.25
FI000235,F002,C007,60,8,8,52,44,2027-01-01,3.70
FI000236,F002,C008,108,8,8,100,92,2027-01-01,4.15
FI000237,F002,C009,68,0,4,68,64,2027-01-01,4.60
FI000238,F002,C010,72,4,8,68,60,2027-01-01,5.05
FI000239,F002,C011,112,8,8,104,96,2027-01-01,5.50
FI000240,F002,C012,56,4,8,52,44,2027-01-01,5.95
FI000241,F002,C013,19,1,2,18,16,2027-01-01,6.40
FI000242,F002,C014,96,0,8,96,88,2027-01-01,6.85
FI000243,F002,C015,39,1,2,38,36,2027-01-01,7.30
FI000244,F002,C016,140,0,8,140,132,2027-01-01,7.75
FI000245,F002,C017,124,4,8,120,112,2027-01-01,8.20
FI000246,F002,C018,100,0,8,100,92,2027-01-01,8.65
FI000247,F002,C019,78,0,4,78,74,2027-01-01,9.10
FI000248,F002,C020,48,4,4,44,40,2027-01-01,9.55
FI000249,F002,C021,100,8,8,92,84,2027-01-01,10.00
FI000250,F002,C022,100,8,8,92,84,2027-01-01,10.45
FI000251,F002,C023,32,0,4,32,28,2027-01-01,10.90
FI000252,F002,C024,74,0,4,74,70,2027-01-01,11.35
FI000253,F002,C026,37,0,2,37,35,2027-01-01,12.25
FI000254,F002,C027,60,0,4,60,56,2027-01-01,12.70
FI000255,F002,C029,120,8,8,112,104,2027-01-01,13.60
FI000256,F002,C030,112,0,8,112,104,2027-01-01,14.05
FI000257,F002,C033,48,0,8,48,40,2027-01-01,15.40
FI000258,F002,C034,28,2,4,26,22,2027-01-01,15.85
FI000259,F002,C035,40,0,2,40,38,2027-01-01,16.30
FI000260,F002,C037,80,0,8,80,72,2027-01-01,17.20
FI000261,F002,C041,144,4,8,140,132,2027-01-01,19.00
FI000262,F002,C045,76,2,4,74,70,2027-01-01,20.80
FI000263,F002,C046,52,0,8,52,44,2027-01-01,21.25
FI000264,F002,C047,29,2,2,27,25,2027-01-01,21.70
FI000265,F002,C049,50,2,4,48,44,2027-01-01,22.60
FI000266,F002,C050,20,1,2,19,17,2027-01-01,23.05
FI000267,F002,C054,34,0,2,34,32,2027-01-01,2.35
FI000268,F002,C055,26,2,2,24,22,2027-01-01,2.80
FI000269,F002,C057,80,8,8,72,64,2027-01-01,3.70
FI000270,F002,C061,34,0,2,34,32,2027-01-01,5.50
FI000271,F002,C064,21,2,2,19,17,2027-01-01,6.85
FI000272,F002,C066,80,0,8,80,72,2027-01-01,7.75
FI000273,F002,C068,148,0,8,148,140,2027-01-01,8.65
FI000274,F002,C069,26,2,4,24,20,2027-01-01,9.10
FI000275,F002,C071,24,2,4,22,18,2027-01-01,10.00
FI000276,F002,C074,23,1,2,22,20,2027-01-01,11.35
FI000277,F002,C075,48,4,8,44,36,2027-01-01,11.80
FI000278,F002,C076,74,0,4,74,70,2027-01-01,12.25
FI000279,F002,C077,24,0,2,24,22,2027-01-01,12.70
FI000280,F002,C080,39,0,2,39,37,2027-01-01,14.05
FI000281,F002,C081,25,0,2,25,23,2027-01-01,14.50
FI000282,F002,C084,39,2,2,37,35,2027-01-01,15.85
FI000283,F002,C086,30,2,4,28,24,2027-01-01,16.75
FI000284,F002,C089,34,4,4,30,26,2027-01-01,18.10
FI000285,F002,C091,14,0,2,14,12,2027-01-01,19.00
FI000286,F002,C092,152,4,8,148,140,2027-01-01,19.45
FI000287,F002,C099,44,4,4,40,36,2027-01-01,22.60
FI000288,F002,C100,13,2,2,11,9,2027-01-01,23.05
FI000289,F002,C101,0,0,0,0,0,2027-01-01,1.00
FI000290,F002,C105,70,0,4,70,66,2027-01-01,2.80
FI000291,F002,C107,33,0,2,33,31,2027-01-01,3.70
FI000292,F002,C109,20,2,2,18,16,2027-01-01,4.60
FI000293,F002,C117,26,0,2,26,24,2027-01-01,8.20
FI000294,F002,C118,72,0,8,72,64,2027-01-01,8.65
FI000295,F002,C120,36,4,4,32,28,2027-01-01,9.55
FI000296,F002,C126,38,4,4,34,30,2027-01-01,12.25
FI000297,F002,C127,30,2,2,28,26,2027-01-01,12.70
FI000298,F002,C128,20,2,2,18,16,2027-01-01,13.15
FI000299,F002,C129,30,0,2,30,28,2027-01-01,13.60
FI000300,F002,C130,64,2,4,62,58,2027-01-01,14.05
FI000301,F002,C135,72,8,8,64,56,2027-01-01,16.30
FI000302,F002,C136,24,0,2,24,22,2027-01-01,16.75
FI000303,F002,C141,120,8,8,112,104,2027-01-01,19.00
FI000304,F002,C142,88,8,8,80,72,2027-01-01,19.45
FI000305,F002,C145,32,2,4,30,26,2027-01-01,20.80
FI000306,F002,C146,46,4,4,42,38,2027-01-01,21.25
FI000307,F002,C148,18,2,2,16,14,2027-01-01,22.15
FI000308,F002,C149,48,2,4,46,42,2027-01-01,22.60
FI000309,F002,C151,72,8,8,64,56,2027-01-01,1.00
FI000310,F002,C154,76,8,8,68,60,2027-01-01,2.35
FI000311,F002,C155,60,0,4,60,56,2027-01-01,2.80
FI000312,F002,C161,30,4,4,26,22,2027-01-01,5.50
FI000313,F002,C162,25,1,2,24,22,2027-01-01,5.95
FI000314,F002,C170,16,1,2,15,13,2027-01-01,9.55
FI000315,F002,C174,116,8,8,108,100,2027-01-01,11.35
FI000316,F002,C177,48,4,8,44,36,2027-01-01,12.70
FI000317,F002,C178,32,0,4,32,28,2027-01-01,13.15
FI000318,F002,C179,40,0,2,40,38,2027-01-01,13.60
FI000319,F002,C180,38,2,4,36,32,2027-01-01,14.05
FI000320,F002,C181,64,0,4,64,60,2027-01-01,14.50
FI000321,F002,C187,21,0,2,21,19,2027-01-01,17.20
FI000322,F002,C189,35,0,2,35,33,2027-01-01,18.10
FI000323,F002,C191,68,0,4,68,64,2027-01-01,19.00
FI000324,F002,C193,66,4,4,62,58,2027-01-01,19.90
FI000325,F002,C194,24,4,4,20,16,2027-01-01,20.35
FI000326,F002,C196,23,2,2,21,19,2027-01-01,21.25
FI000327,F002,C199,28,1,2,27,25,2027-01-01,22.60
FI000328,F002,C201,26,2,4,24,20,2027-01-01,1.00
FI000329,F002,C202,40,2,4,38,34,2027-01-01,1.45
FI000330,F002,C210,78,4,4,74,70,2027-01-01,5.05
FI000331,F002,C211,27,1,2,26,24,2027-01-01,5.50
FI000332,F002,C212,140,4,8,136,128,2027-01-01,5.95
FI000333,F002,C216,24,4,4,20,16,2027-01-01,7.75
FI000334,F002,C217,96,8,8,88,80,2027-01-01,8.20
FI000335,F002,C222,52,8,8,44,36,2027-01-01,10.45
FI000336,F002,C225,52,2,4,50,46,2027-01-01,11.80
FI000337,F002,C227,70,0,4,70,66,2027-01-01,12.70
FI000338,F002,C228,62,4,4,58,54,2027-01-01,13.15
FI000339,F002,C230,20,2,2,18,16,2027-01-01,14.05
FI000340,F002,C232,152,4,8,148,140,2027-01-01,14.95
FI000341,F002,C233,70,0,4,70,66,2027-01-01,15.40
FI000342,F002,C235,136,8,8,128,120,2027-01-01,16.30
FI000343,F002,C238,156,8,8,148,140,2027-01-01,17.65
FI000344,F002,C241,31,0,2,31,29,2027-01-01,19.00
FI000345,F002,C242,40,1,2,39,37,2027-01-01,19.45
FI000346,F002,C244,120,4,8,116,108,2027-01-01,20.35
FI000347,F002,C245,29,0,2,29,27,2027-01-01,20.80
FI000348,F002,C249,40,2,4,38,34,2027-01-01,22.60
FI000349,F002,C251,40,2,2,38,36,2027-01-01,1.00
FI000350,F002,C255,16,0,2,16,14,2027-01-01,2.80
FI000351,F002,C256,16,1,2,15,13,2027-01-01,3.25
FI000352,F002,C260,76,4,4,72,68,2027-01-01,5.05
FI000353,F002,C261,68,0,4,68,64,2027-01-01,5.50
FI000354,F002,C263,48,2,4,46,42,2027-01-01,6.40
FI000355,F002,C264,156,8,8,148,140,2027-01-01,6.85
FI000356,F002,C266,33,0,2,33,31,2027-01-01,7.75
FI000357,F002,C270,31,0,2,31,29,2027-01-01,9.55
FI000358,F002,C273,26,0,4,26,22,2027-01-01,10.90
FI000359,F002,C274,34,0,2,34,32,2027-01-01,11.35
FI000360,F002,C276,24,2,4,22,18,2027-01-01,12.25
FI000361,F002,C277,44,4,4,40,36,2027-01-01,12.70
FI000362,F002,C279,46,2,4,44,40,2027-01-01,13.60
FI000363,F002,C281,28,4,4,24,20,2027-01-01,14.50
FI000364,F002,C283,13,2,2,11,9,2027-01-01,15.40
FI000365,F002,C288,18,2,2,16,14,2027-01-01,17.65
FI000366,F002,C290,30,2,4,28,24,2027-01-01,18.55
FI000367,F002,C294,34,0,2,34,32,2027-01-01,20.35
FI000368,F002,C297,42,2,4,40,36,2027-01-01,21.70
FI000369,F002,C299,40,2,4,38,34,2027-01-01,22.60
FI000370,F002,C301,34,2,4,32,28,2027-01-01,1.00
FI000371,F002,C307,35,0,2,35,33,2027-01-01,3.70
FI000372,F002,C309,148,0,8,148,140,2027-01-01,4.60
FI000373,F002,C314,42,2,4,40,36,2027-01-01,6.85
FI000374,F002,C318,68,0,4,68,64,2027-01-01,8.65
FI000375,F002,C319,39,0,2,39,37,2027-01-01,9.10
FI000376,F002,C320,16,2,2,14,12,2027-01-01,9.55
FI000377,F002,C326,39,0,2,39,37,2027-01-01,12.25
FI000378,F002,C331,37,1,2,36,34,2027-01-01,14.50
FI000379,F002,C333,25,0,2,25,23,2027-01-01,15.40
FI000380,F002,C334,80,8,8,72,64,2027-01-01,15.85
FI000381,F002,C337,31,2,2,29,27,2027-01-01,17.20
FI000382,F002,C338,144,4,8,140,132,2027-01-01,17.65
FI000383,F002,C339,64,0,4,64,60,2027-01-01,18.10
FI000384,F002,C342,46,2,4,44,40,2027-01-01,19.45
FI000385,F002,C344,78,0,4,78,74,2027-01-01,20.35
FI000386,F002,C345,21,1,2,20,18,2027-01-01,20.80
FI000387,F002,C351,26,2,4,24,20,2027-01-01,1.00
FI000388,F002,C354,40,2,2,38,36,2027-01-01,2.35
FI000389,F002,C356,64,0,4,64,60,2027-01-01,3.25
FI000390,F002,C357,56,2,4,54,50,2027-01-01,3.70
FI000391,F002,C358,0,0,0,0,0,2027-01-01,4.15
FI000392,F002,C360,116,4,8,112,104,2027-01-01,5.05
FI000393,F002,C362,28,2,4,26,22,2027-01-01,5.95
FI000394,F002,C369,0,0,0,0,0,2027-01-01,9.10
FI000395,F002,C370,12,2,2,10,8,2027-01-01,9.55
FI000396,F002,C372,39,0,2,39,37,2027-01-01,10.45
FI000397,F002,C376,84,4,8,80,72,2027-01-01,12.25
FI000398,F002,C377,136,0,8,136,128,2027-01-01,12.70
FI000399,F002,C380,38,2,2,36,34,2027-01-01,14.05
FI000400,F002,C381,140,0,8,140,132,2027-01-01,14.50
FI000401,F002,C382,64,0,4,64,60,2027-01-01,14.95
FI000402,F002,C385,72,0,4,72,68,2027-01-01,16.30
FI000403,F002,C387,52,4,4,48,44,2027-01-01,17.20
FI000404,F002,C389,0,0,0,0,0,2027-01-01,18.10
FI000405,F002,C390,68,4,8,64,56,2027-01-01,18.55
FI000406,F002,C391,27,1,2,26,24,2027-01-01,19.00
FI000407,F002,C392,22,0,2,22,20,2027-01-01,19.45
FI000408,F002,C394,27,1,2,26,24,2027-01-01,20.35
FI000409,F002,C395,56,0,4,56,52,2027-01-01,20.80
FI000410,F002,C399,12,1,2,11,9,2027-01-01,22.60
FI000411,F002,C406,21,0,2,21,19,2027-01-01,3.25
FI000412,F002,C407,140,8,8,132,124,2027-01-01,3.70
FI000413,F002,C410,80,0,4,80,76,2027-01-01,5.05
FI000414,F002,C412,76,4,4,72,68,2027-01-01,5.95
FI000415,F002,C413,12,0,2,12,10,2027-01-01,6.40
FI000416,F002,C418,17,0,2,17,15,2027-01-01,8.65
FI000417,F002,C420,120,4,8,116,108,2027-01-01,9.55
FI000418,F002,C421,23,0,2,23,21,2027-01-01,10.00
FI000419,F002,C423,37,2,2,35,33,2027-01-01,10.90
FI000420,F002,C429,14,1,2,13,11,2027-01-01,13.60
FI000421,F002,C430,13,2,2,11,9,2027-01-01,14.05
FI000422,F002,C435,40,4,4,36,32,2027-01-01,16.30
FI000423,F002,C437,68,8,8,60,52,2027-01-01,17.20
FI000424,F002,C443,19,0,2,19,17,2027-01-01,19.90
FI000425,F002,C448,16,2,2,14,12,2027-01-01,22.15
FI000426,F002,C452,48,4,4,44,40,2027-01-01,1.45
FI000427,F002,C453,28,1,2,27,25,2027-01-01,1.90
FI000428,F002,C455,100,8,8,92,84,2027-01-01,2.80
FI000429,F002,C456,13,1,2,12,10,2027-01-01,3.25
FI000430,F002,C459,108,0,8,108,100,2027-01-01,4.60
FI000431,F002,C460,44,2,4,42,38,2027-01-01,5.05
FI000432,F002,C461,48,4,4,44,40,2027-01-01,5.50
FI000433,F002,C469,44,2,4,42,38,2027-01-01,9.10
FI000434,F002,C470,34,1,2,33,31,2027-01-01,9.55
FI000435,F002,C471,74,0,4,74,70,2027-01-01,10.00
FI000436,F002,C472,160,8,8,152,144,2027-01-01,10.45
FI000437,F002,C474,15,1,2,14,12,2027-01-01,11.35
FI000438,F002,C475,108,0,8,108,100,2027-01-01,11.80
FI000439,F002,C477,56,2,4,54,50,2027-01-01,12.70
FI000440,F002,C481,0,0,0,0,0,2027-01-01,14.50
FI000441,F002,C485,112,0,8,112,104,2027-01-01,16.30
FI000442,F002,C487,84,0,8,84,76,2027-01-01,17.20
FI000443,F002,C497,12,2,2,10,8,2027-01-01,21.70
FI000444,F002,C499,92,8,8,84,76,2027-01-01,22.60
FI000445,F002,C500,124,8,8,116,108,2027-01-01,23.05
FI000446,F003,C001,0,0,0,0,0,2027-01-01,1.00
FI000447,F003,C002,116,0,8,116,108,2027-01-01,1.45
FI000448,F003,C003,60,4,8,56,48,2027-01-01,1.90
FI000449,F003,C004,140,4,8,136,128,2027-01-01,2.35
FI000450,F003,C005,30,0,4,30,26,2027-01-01,2.80
FI000451,F003,C006,120,4,8,116,108,2027-01-01,3.25
FI000452,F003,C007,76,2,4,74,70,2027-01-01,3.70
FI000453,F003,C008,0,0,0,0,0,2027-01-01,4.15
FI000454,F003,C009,104,4,8,100,92,2027-01-01,4.60
FI000455,F003,C010,66,0,4,66,62,2027-01-01,5.05
FI000456,F003,C011,136,4,8,132,124,2027-01-01,5.50
FI000457,F003,C012,64,0,4,64,60,2027-01-01,5.95
FI000458,F003,C013,68,4,8,64,56,2027-01-01,6.40
FI000459,F003,C014,60,4,8,56,48,2027-01-01,6.85
FI000460,F003,C015,80,0,8,80,72,2027-01-01,7.30
FI000461,F003,C016,44,0,4,44,40,2027-01-01,7.75
FI000462,F003,C017,136,8,8,128,120,2027-01-01,8.20
FI000463,F003,C018,144,4,8,140,132,2027-01-01,8.65
FI000464,F003,C020,116,8,8,108,100,2027-01-01,9.55
FI000465,F003,C021,56,0,8,56,48,2027-01-01,10.00
FI000466,F003,C022,140,8,8,132,124,2027-01-01,10.45
FI000467,F003,C023,52,2,4,50,46,2027-01-01,10.90
FI000468,F003,C024,96,0,8,96,88,2027-01-01,11.35
FI000469,F003,C026,120,0,8,120,112,2027-01-01,12.25
FI000470,F003,C027,12,0,2,12,10,2027-01-01,12.70
FI000471,F003,C028,29,2,2,27,25,2027-01-01,13.15
FI000472,F003,C029,120,8,8,112,104,2027-01-01,13.60
FI000473,F003,C030,46,4,4,42,38,2027-01-01,14.05
FI000474,F003,C031,32,2,4,30,26,2027-01-01,14.50
FI000475,F003,C033,96,0,8,96,88,2027-01-01,15.40
FI000476,F003,C034,29,1,2,28,26,2027-01-01,15.85
FI000477,F003,C036,96,8,8,88,80,2027-01-01,16.75
FI000478,F003,C037,148,4,8,144,136,2027-01-01,17.20
FI000479,F003,C038,66,2,4,64,60,2027-01-01,17.65
FI000480,F003,C039,39,2,2,37,35,2027-01-01,18.10
FI000481,F003,C044,92,8,8,84,76,2027-01-01,20.35
FI000482,F003,C049,66,0,4,66,62,2027-01-01,22.60
FI000483,F003,C050,27,0,2,27,25,2027-01-01,23.05
FI000484,F003,C051,152,8,8,144,136,2027-01-01,1.00
FI000485,F003,C054,56,0,4,56,52,2027-01-01,2.35
FI000486,F003,C059,30,4,4,26,22,2027-01-01,4.60
FI000487,F003,C060,20,1,2,19,17,2027-01-01,5.05
FI000488,F003,C061,70,0,4,70,66,2027-01-01,5.50
FI000489,F003,C064,84,0,8,84,76,2027-01-01,6.85
FI000490,F003,C065,112,4,8,108,100,2027-01-01,7.30
FI000491,F003,C067,148,0,8,148,140,2027-01-01,8.20
FI000492,F003,C070,18,2,2,16,14,2027-01-01,9.55
FI000493,F003,C071,17,1,2,16,14,2027-01-01,10.00
FI000494,F003,C074,20,2,2,18,16,2027-01-01,11.35
FI000495,F003,C076,50,4,4,46,42,2027-01-01,12.25
FI000496,F003,C079,30,1,2,29,27,2027-01-01,13.60
FI000497,F003,C080,40,0,2,40,38,2027-01-01,14.05
FI000498,F003,C082,58,4,4,54,50,2027-01-01,14.95
FI000499,F003,C084,54,2,4,52,48,2027-01-01,15.85
FI000500,F003,C088,28,4,4,24,20,2027-01-01,17.65
FI000501,F003,C089,35,1,2,34,32,2027-01-01,18.10
FI000502,F003,C091,16,1,2,15,13,2027-01-01,19.00
FI000503,F003,C092,64,2,4,62,58,2027-01-01,19.45
FI000504,F003,C094,36,1,2,35,33,2027-01-01,20.35
FI000505,F003,C097,32,4,4,28,24,2027-01-01,21.70
FI000506,F003,C098,26,4,4,22,18,2027-01-01,22.15
FI000507,F003,C102,16,2,2,14,12,2027-01-01,1.45
FI000508,F003,C103,18,2,2,16,14,2027-01-01,1.90
FI000509,F003,C104,48,2,4,46,42,2027-01-01,2.35
FI000510,F003,C105,50,4,4,46,42,2027-01-01,2.80
FI000511,F003,C110,18,1,2,17,15,2027-01-01,5.05
FI000512,F003,C112,31,2,2,29,27,2027-01-01,5.95
FI000513,F003,C117,120,8,8,112,104,2027-01-01,8.20
FI000514,F003,C118,48,8,8,40,32,2027-01-01,8.65
FI000515,F003,C121,26,0,2,26,24,2027-01-01,10.00
FI000516,F003,C123,12,0,2,12,10,2027-01-01,10.90
FI000517,F003,C124,38,2,4,36,32,2027-01-01,11.35
FI000518,F003,C128,37,0,2,37,35,2027-01-01,13.15
FI000519,F003,C129,70,0,4,70,66,2027-01-01,13.60
FI000520,F003,C134,0,0,0,0,0,2027-01-01,15.85
FI000521,F003,C135,32,2,2,30,28,2027-01-01,16.30
FI000522,F003,C136,132,4,8,128,120,2027-01-01,16.75
FI000523,F003,C140,56,2,4,54,50,2027-01-01,18.55
FI000524,F003,C141,22,1,2,21,19,2027-01-01,19.00
FI000525,F003,C147,22,2,2,20,18,2027-01-01,21.70
FI000526,F003,C150,32,2,4,30,26,2027-01-01,23.05
FI000527,F003,C151,36,1,2,35,33,2027-01-01,1.00
FI000528,F003,C154,32,0,2,32,30,2027-01-01,2.35
FI000529,F003,C156,96,8,8,88,80,2027-01-01,3.25
FI000530,F003,C157,88,0,8,88,80,2027-01-01,3.70
FI000531,F003,C160,0,0,0,0,0,2027-01-01,5.05
FI000532,F003,C162,108,8,8,100,92,2027-01-01,5.95
FI000533,F003,C163,36,0,4,36,32,2027-01-01,6.40
FI000534,F003,C164,32,0,4,32,28,2027-01-01,6.85
FI000535,F003,C167,29,2,2,27,25,2027-01-01,8.20
FI000536,F003,C171,37,0,2,37,35,2027-01-01,10.00
FI000537,F003,C174,30,2,2,28,26,2027-01-01,11.35
FI000538,F003,C175,14,0,2,14,12,2027-01-01,11.80
FI000539,F003,C176,32,0,4,32,28,2027-01-01,12.25
FI000540,F003,C178,24,0,2,24,22,2027-01-01,13.15
FI000541,F003,C179,52,2,4,50,46,2027-01-01,13.60
FI000542,F003,C182,20,2,2,18,16,2027-01-01,14.95
FI000543,F003,C186,60,4,4,56,52,2027-01-01,16.75
FI000544,F003,C188,19,2,2,17,15,2027-01-01,17.65
FI000545,F003,C192,78,4,4,74,70,2027-01-01,19.45
FI000546,F003,C194,25,1,2,24,22,2027-01-01,20.35
FI000547,F003,C198,15,0,2,15,13,2027-01-01,22.15
FI000548,F003,C202,60,2,4,58,54,2027-01-01,1.45
FI000549,F003,C203,26,2,4,24,20,2027-01-01,1.90
FI000550,F003,C207,132,8,8,124,116,2027-01-01,3.70
FI000551,F003,C209,64,0,8,64,56,2027-01-01,4.60
FI000552,F003,C210,148,8,8,140,132,2027-01-01,5.05
FI000553,F003,C212,39,1,2,38,36,2027-01-01,5.95
FI000554,F003,C214,116,0,8,116,108,2027-01-01,6.85
FI000555,F003,C215,17,2,2,15,13,2027-01-01,7.30
FI000556,F003,C217,37,0,2,37,35,2027-01-01,8.20
FI000557,F003,C218,66,2,4,64,60,2027-01-01,8.65
FI000558,F003,C219,16,1,2,15,13,2027-01-01,9.10
FI000559,F003,C224,32,0,2,32,30,2027-01-01,11.35
FI000560,F003,C225,74,0,4,74,70,2027-01-01,11.80
FI000561,F003,C230,64,2,4,62,58,2027-01-01,14.05
FI000562,F003,C231,24,2,2,22,20,2027-01-01,14.50
FI000563,F003,C234,34,1,2,33,31,2027-01-01,15.85
FI000564,F003,C242,18,1,2,17,15,2027-01-01,19.45
FI000565,F003,C243,58,4,4,54,50,2027-01-01,19.90
FI000566,F003,C245,96,4,8,92,84,2027-01-01,20.80
FI000567,F003,C247,64,4,4,60,56,2027-01-01,21.70
FI000568,F003,C250,42,4,4,38,34,2027-01-01,23.05
FI000569,F003,C251,13,2,2,11,9,2027-01-01,1.00
FI000570,F003,C253,80,4,4,76,72,2027-01-01,1.90
FI000571,F003,C255,80,0,8,80,72,2027-01-01,2.80
FI000572,F003,C261,0,0,0,0,0,2027-01-01,5.50
FI000573,F003,C263,42,4,4,38,34,2027-01-01,6.40
FI000574,F003,C267,52,4,4,48,44,2027-01-01,8.20
FI000575,F003,C271,28,2,2,26,24,2027-01-01,10.00
FI000576,F003,C274,0,0,0,0,0,2027-01-01,11.35
FI000577,F003,C276,68,2,4,66,62,2027-01-01,12.25
FI000578,F003,C278,88,8,8,80,72,2027-01-01,13.15
FI000579,F003,C280,80,0,8,80,72,2027-01-01,14.05
FI000580,F003,C281,34,0,4,34,30,2027-01-01,14.50
FI000581,F003,C285,21,2,2,19,17,2027-01-01,16.30
FI000582,F003,C287,60,0,4,60,56,2027-01-01,17.20
FI000583,F003,C288,112,8,8,104,96,2027-01-01,17.65
FI000584,F003,C290,37,0,2,37,35,2027-01-01,18.55
FI000585,F003,C291,0,0,0,0,0,2027-01-01,19.00
FI000586,F003,C292,21,1,2,20,18,2027-01-01,19.45
FI000587,F003,C293,78,0,4,78,74,2027-01-01,19.90
FI000588,F003,C294,35,1,2,34,32,2027-01-01,20.35
FI000589,F003,C295,26,2,4,24,20,2027-01-01,20.80
FI000590,F003,C296,48,2,4,46,42,2027-01-01,21.25
FI000591,F003,C298,0,0,0,0,0,2027-01-01,22.15
FI000592,F003,C300,70,0,4,70,66,2027-01-01,23.05
FI000593,F003,C301,26,2,4,24,20,2027-01-01,1.00
FI000594,F003,C303,26,2,4,24,20,2027-01-01,1.90
FI000595,F003,C305,70,0,4,70,66,2027-01-01,2.80
FI000596,F003,C307,32,1,2,31,29,2027-01-01,3.70
FI000597,F003,C311,60,2,4,58,54,2027-01-01,5.50
FI000598,F003,C316,22,2,2,20,18,2027-01-01,7.75
FI000599,F003,C324,0,0,0,0,0,2027-01-01,11.35
FI000600,F003,C328,36,2,2,34,32,2027-01-01,13.15
FI000601,F003,C329,30,0,4,30,26,2027-01-01,13.60
FI000602,F003,C330,76,4,8,72,64,2027-01-01,14.05
FI000603,F003,C333,24,1,2,23,21,2027-01-01,15.40
FI000604,F003,C341,156,8,8,148,140,2027-01-01,19.00
FI000605,F003,C344,26,0,2,26,24,2027-01-01,20.35
FI000606,F003,C346,40,0,4,40,36,2027-01-01,21.25
FI000607,F003,C347,34,1,2,33,31,2027-01-01,21.70
FI000608,F003,C348,64,4,8,60,52,2027-01-01,22.15
FI000609,F003,C351,37,0,2,37,35,2027-01-01,1.00
FI000610,F003,C352,40,2,2,38,36,2027-01-01,1.45
FI000611,F003,C353,144,0,8,144,136,2027-01-01,1.90
FI000612,F003,C356,40,2,2,38,36,2027-01-01,3.25
FI000613,F003,C357,120,8,8,112,104,2027-01-01,3.70
FI000614,F003,C359,30,0,4,30,26,2027-01-01,4.60
FI000615,F003,C360,34,1,2,33,31,2027-01-01,5.05
FI000616,F003,C364,15,2,2,13,11,2027-01-01,6.85
FI000617,F003,C366,46,2,4,44,40,2027-01-01,7.75
FI000618,F003,C367,74,0,4,74,70,2027-01-01,8.20
FI000619,F003,C368,14,2,2,12,10,2027-01-01,8.65
FI000620,F003,C369,74,2,4,72,68,2027-01-01,9.10
FI000621,F003,C370,76,0,4,76,72,2027-01-01,9.55
FI000622,F003,C372,27,1,2,26,24,2027-01-01,10.45
FI000623,F003,C373,18,2,2,16,14,2027-01-01,10.90
FI000624,F003,C374,23,0,2,23,21,2027-01-01,11.35
FI000625,F003,C377,120,0,8,120,112,2027-01-01,12.70
FI000626,F003,C387,36,0,4,36,32,2027-01-01,17.20
FI000627,F003,C397,58,2,4,56,52,2027-01-01,21.70
FI000628,F003,C398,33,0,2,33,31,2027-01-01,22.15
FI000629,F003,C399,19,0,2,19,17,2027-01-01,22.60
FI000630,F003,C400,29,0,2,29,27,2027-01-01,23.05
FI000631,F003,C401,0,0,0,0,0,2027-01-01,1.00
FI000632,F003,C403,23,0,2,23,21,2027-01-01,1.90
FI000633,F003,C404,78,2,4,76,72,2027-01-01,2.35
FI000634,F003,C405,160,0,8,160,152,2027-01-01,2.80
FI000635,F003,C408,56,8,8,48,40,2027-01-01,4.15
FI000636,F003,C409,22,0,2,22,20,2027-01-01,4.60
FI000637,F003,C410,68,0,8,68,60,2027-01-01,5.05
FI000638,F003,C417,30,2,4,28,24,2027-01-01,8.20
FI000639,F003,C421,52,4,4,48,44,2027-01-01,10.00
FI000640,F003,C425,28,4,4,24,20,2027-01-01,11.80
FI000641,F003,C429,128,4,8,124,116,2027-01-01,13.60
FI000642,F003,C431,44,2,4,42,38,2027-01-01,14.50
FI000643,F003,C434,27,2,2,25,23,2027-01-01,15.85
FI000644,F003,C435,62,4,4,58,54,2027-01-01,16.30
FI000645,F003,C442,92,4,8,88,80,2027-01-01,19.45
FI000646,F003,C444,23,0,2,23,21,2027-01-01,20.35
FI000647,F003,C446,35,0,2,35,33,2027-01-01,21.25
FI000648,F003,C447,48,4,4,44,40,2027-01-01,21.70
FI000649,F003,C448,26,1,2,25,23,2027-01-01,22.15
FI000650,F003,C451,56,2,4,54,50,2027-01-01,1.00
FI000651,F003,C453,21,0,2,21,19,2027-01-01,1.90
FI000652,F003,C455,27,1,2,26,24,2027-01-01,2.80
FI000653,F003,C458,40,4,4,36,32,2027-01-01,4.15
FI000654,F003,C459,48,8,8,40,32,2027-01-01,4.60
FI000655,F003,C461,24,1,2,23,21,2027-01-01,5.50
FI000656,F003,C462,78,2,4,76,72,2027-01-01,5.95
FI000657,F003,C468,29,0,2,29,27,2027-01-01,8.65
FI000658,F003,C470,54,0,4,54,50,2027-01-01,9.55
FI000659,F003,C472,17,0,2,17,15,2027-01-01,10.45
FI000660,F003,C473,38,0,2,38,36,2027-01-01,10.90
FI000661,F003,C474,38,1,2,37,35,2027-01-01,11.35
FI000662,F003,C475,56,0,8,56,48,2027-01-01,11.80
FI000663,F003,C478,34,2,2,32,30,2027-01-01,13.15
FI000664,F003,C479,68,0,4,68,64,2027-01-01,13.60
FI000665,F003,C480,76,0,4,76,72,2027-01-01,14.05
FI000666,F003,C482,26,0,2,26,24,2027-01-01,14.95
FI000667,F003,C484,42,0,4,42,38,2027-01-01,15.85
FI000668,F003,C490,23,1,2,22,20,2027-01-01,18.55
FI000669,F003,C492,76,2,4,74,70,2027-01-01,19.45
FI000670,F003,C495,17,0,2,17,15,2027-01-01,20.80
FI000671,F003,C496,70,0,4,70,66,2027-01-01,21.25
FI000672,F003,C499,27,1,2,26,24,2027-01-01,22.60
FI000673,F004,C001,27,2,2,25,23,2027-01-01,1.00
FI000674,F004,C002,46,4,4,42,38,2027-01-01,1.45
FI000675,F004,C003,0,0,0,0,0,2027-01-01,1.90
FI000676,F004,C004,144,8,8,136,128,2027-01-01,2.35
FI000677,F004,C005,62,2,4,60,56,2027-01-01,2.80
FI000678,F004,C006,68,4,8,64,56,2027-01-01,3.25
FI000679,F004,C007,120,4,8,116,108,2027-01-01,3.70
FI000680,F004,C008,152,0,8,152,144,2027-01-01,4.15
FI000681,F004,C009,92,4,8,88,80,2027-01-01,4.60
FI000682,F004,C010,74,0,4,74,70,2027-01-01,5.05
FI000683,F004,C011,92,8,8,84,76,2027-01-01,5.50
FI000684,F004,C012,160,0,8,160,152,2027-01-01,5.95
FI000685,F004,C013,112,8,8,104,96,2027-01-01,6.40
FI000686,F004,C014,136,8,8,128,120,2027-01-01,6.85
FI000687,F004,C015,92,0,8,92,84,2027-01-01,7.30
FI000688,F004,C016,80,0,4,80,76,2027-01-01,7.75
FI000689,F004,C017,60,0,4,60,56,2027-01-01,8.20
FI000690,F004,C018,24,2,4,22,18,2027-01-01,8.65
FI000691,F004,C019,104,8,8,96,88,2027-01-01,9.10
FI000692,F004,C020,80,4,8,76,68,2027-01-01,9.55
FI000693,F004,C021,88,4,8,84,76,2027-01-01,10.00
FI000694,F004,C022,108,0,8,108,100,2027-01-01,10.45
FI000695,F004,C023,38,4,4,34,30,2027-01-01,10.90
FI000696,F004,C024,152,0,8,152,144,2027-01-01,11.35
FI000697,F004,C025,14,2,2,12,10,2027-01-01,11.80
FI000698,F004,C027,38,0,4,38,34,2027-01-01,12.70
FI000699,F004,C028,46,2,4,44,40,2027-01-01,13.15
FI000700,F004,C029,72,0,8,72,64,2027-01-01,13.60
FI000701,F004,C030,27,2,2,25,23,2027-01-01,14.05
FI000702,F004,C032,24,0,4,24,20,2027-01-01,14.95
FI000703,F004,C033,52,4,4,48,44,2027-01-01,15.40
FI000704,F004,C036,50,0,4,50,46,2027-01-01,16.75
FI000705,F004,C037,74,2,4,72,68,2027-01-01,17.20
FI000706,F004,C038,36,0,4,36,32,2027-01-01,17.65
FI000707,F004,C040,18,2,2,16,14,2027-01-01,18.55
FI000708,F004,C044,50,0,4,50,46,2027-01-01,20.35
FI000709,F004,C045,56,4,4,52,48,2027-01-01,20.80
FI000710,F004,C047,64,2,4,62,58,2027-01-01,21.70
FI000711,F004,C048,26,1,2,25,23,2027-01-01,22.15
FI000712,F004,C049,36,0,4,36,32,2027-01-01,22.60
FI000713,F004,C050,34,0,2,34,32,2027-01-01,23.05
FI000714,F004,C052,16,2,2,14,12,2027-01-01,1.45
FI000715,F004,C054,80,4,8,76,68,2027-01-01,2.35
FI000716,F004,C055,12,1,2,11,9,2027-01-01,2.80
FI000717,F004,C057,104,4,8,100,92,2027-01-01,3.70
FI000718,F004,C058,27,0,2,27,25,2027-01-01,4.15
FI000719,F004,C059,160,4,8,156,148,2027-01-01,4.60
FI000720,F004,C060,24,1,2,23,21,2027-01-01,5.05
FI000721,F004,C065,36,4,4,32,28,2027-01-01,7.30
FI000722,F004,C066,13,2,2,11,9,2027-01-01,7.75
FI000723,F004,C068,39,1,2,38,36,2027-01-01,8.65
FI000724,F004,C073,34,2,2,32,30,2027-01-01,10.90
FI000725,F004,C076,62,2,4,60,56,2027-01-01,12.25
FI000726,F004,C079,14,0,2,14,12,2027-01-01,13.60
FI000727,F004,C080,28,4,4,24,20,2027-01-01,14.05
FI000728,F004,C082,34,1,2,33,31,2027-01-01,14.95
FI000729,F004,C095,92,4,8,88,80,2027-01-01,20.80
FI000730,F004,C096,26,4,4,22,18,2027-01-01,21.25
FI000731,F004,C102,0,0,0,0,0,2027-01-01,1.45
FI000732,F004,C103,132,4,8,128,120,2027-01-01,1.90
FI000733,F004,C107,74,4,4,70,66,2027-01-01,3.70
FI000734,F004,C109,36,2,2,34,32,2027-01-01,4.60
FI000735,F004,C110,20,2,2,18,16,2027-01-01,5.05
FI000736,F004,C111,88,8,8,80,72,2027-01-01,5.50
FI000737,F004,C114,148,8,8,140,132,2027-01-01,6.85
FI000738,F004,C116,16,2,2,14,12,2027-01-01,7.75
FI000739,F004,C119,38,2,2,36,34,2027-01-01,9.10
FI000740,F004,C122,32,1,2,31,29,2027-01-01,10.45
FI000741,F004,C124,23,1,2,22,20,2027-01-01,11.35
FI000742,F004,C128,28,0,2,28,26,2027-01-01,13.15
FI000743,F004,C130,28,0,2,28,26,2027-01-01,14.05
FI000744,F004,C133,0,0,0,0,0,2027-01-01,15.40
FI000745,F004,C134,37,1,2,36,34,2027-01-01,15.85
FI000746,F004,C135,32,1,2,31,29,2027-01-01,16.30
FI000747,F004,C141,18,0,2,18,16,2027-01-01,19.00
FI000748,F004,C142,22,2,2,20,18,2027-01-01,19.45
FI000749,F004,C144,21,1,2,20,18,2027-01-01,20.35
FI000750,F004,C145,54,2,4,52,48,2027-01-01,20.80
FI000751,F004,C146,32,0,2,32,30,2027-01-01,21.25
FI000752,F004,C147,24,0,4,24,20,2027-01-01,21.70
FI000753,F004,C150,24,0,2,24,22,2027-01-01,23.05
FI000754,F004,C154,24,0,4,24,20,2027-01-01,2.35
FI000755,F004,C156,46,2,4,44,40,2027-01-01,3.25
FI000756,F004,C157,24,2,4,22,18,2027-01-01,3.70
FI000757,F004,C158,40,2,4,38,34,2027-01-01,4.15
FI000758,F004,C159,36,2,4,34,30,2027-01-01,4.60
FI000759,F004,C160,28,0,2,28,26,2027-01-01,5.05
FI000760,F004,C161,116,8,8,108,100,2027-01-01,5.50
FI000761,F004,C162,76,2,4,74,70,2027-01-01,5.95
FI000762,F004,C164,96,8,8,88,80,2027-01-01,6.85
FI000763,F004,C165,40,2,2,38,36,2027-01-01,7.30
FI000764,F004,C166,13,1,2,12,10,2027-01-01,7.75
FI000765,F004,C167,31,1,2,30,28,2027-01-01,8.20
FI000766,F004,C168,17,1,2,16,14,2027-01-01,8.65
FI000767,F004,C169,60,0,4,60,56,2027-01-01,9.10
FI000768,F004,C173,44,0,4,44,40,2027-01-01,10.90
FI000769,F004,C179,35,2,2,33,31,2027-01-01,13.60
FI000770,F004,C182,12,2,2,10,8,2027-01-01,14.95
FI000771,F004,C185,40,0,2,40,38,2027-01-01,16.30
FI000772,F004,C186,62,4,4,58,54,2027-01-01,16.75
FI000773,F004,C187,54,4,4,50,46,2027-01-01,17.20
FI000774,F004,C188,39,2,2,37,35,2027-01-01,17.65
FI000775,F004,C190,30,4,4,26,22,2027-01-01,18.55
FI000776,F004,C191,68,2,4,66,62,2027-01-01,19.00
FI000777,F004,C192,36,1,2,35,33,2027-01-01,19.45
FI000778,F004,C196,25,1,2,24,22,2027-01-01,21.25
FI000779,F004,C199,12,2,2,10,8,2027-01-01,22.60
FI000780,F004,C202,104,0,8,104,96,2027-01-01,1.45
FI000781,F004,C204,30,0,4,30,26,2027-01-01,2.35
FI000782,F004,C205,44,0,4,44,40,2027-01-01,2.80
FI000783,F004,C206,24,2,2,22,20,2027-01-01,3.25
FI000784,F004,C207,12,2,2,10,8,2027-01-01,3.70
FI000785,F004,C212,62,2,4,60,56,2027-01-01,5.95
FI000786,F004,C217,36,2,2,34,32,2027-01-01,8.20
FI000787,F004,C219,56,0,4,56,52,2027-01-01,9.10
FI000788,F004,C220,60,2,4,58,54,2027-01-01,9.55
FI000789,F004,C225,78,2,4,76,72,2027-01-01,11.80
FI000790,F004,C226,156,8,8,148,140,2027-01-01,12.25
FI000791,F004,C229,22,0,2,22,20,2027-01-01,13.60
FI000792,F004,C234,40,2,4,38,34,2027-01-01,15.85
FI000793,F004,C238,54,4,4,50,46,2027-01-01,17.65
FI000794,F004,C239,60,2,4,58,54,2027-01-01,18.10
FI000795,F004,C240,46,4,4,42,38,2027-01-01,18.55
FI000796,F004,C243,0,0,0,0,0,2027-01-01,19.90
FI000797,F004,C245,24,4,4,20,16,2027-01-01,20.80
FI000798,F004,C249,58,4,4,54,50,2027-01-01,22.60
FI000799,F004,C251,15,2,2,13,11,2027-01-01,1.00
FI000800,F004,C253,24,0,4,24,20,2027-01-01,1.90
FI000801,F004,C255,40,2,2,38,36,2027-01-01,2.80
FI000802,F004,C256,38,4,4,34,30,2027-01-01,3.25
FI000803,F004,C258,33,1,2,32,30,2027-01-01,4.15
FI000804,F004,C261,23,1,2,22,20,2027-01-01,5.50
FI000805,F004,C262,36,4,4,32,28,2027-01-01,5.95
FI000806,F004,C263,70,2,4,68,64,2027-01-01,6.40
FI000807,F004,C264,52,4,8,48,40,2027-01-01,6.85
FI000808,F004,C266,26,2,2,24,22,2027-01-01,7.75
FI000809,F004,C267,74,2,4,72,68,2027-01-01,8.20
FI000810,F004,C271,88,4,8,84,76,2027-01-01,10.00
FI000811,F004,C272,160,0,8,160,152,2027-01-01,10.45
FI000812,F004,C273,64,2,4,62,58,2027-01-01,10.90
FI000813,F004,C274,38,0,4,38,34,2027-01-01,11.35
FI000814,F004,C277,33,1,2,32,30,2027-01-01,12.70
FI000815,F004,C281,32,0,4,32,28,2027-01-01,14.50
FI000816,F004,C284,12,0,2,12,10,2027-01-01,15.85
FI000817,F004,C292,30,1,2,29,27,2027-01-01,19.45
FI000818,F004,C297,36,0,2,36,34,2027-01-01,21.70
FI000819,F004,C300,80,0,4,80,76,2027-01-01,23.05
FI000820,F004,C301,19,1,2,18,16,2027-01-01,1.00
FI000821,F004,C304,0,0,0,0,0,2027-01-01,2.35
FI000822,F004,C306,52,0,4,52,48,2027-01-01,3.25
FI000823,F004,C307,30,0,4,30,26,2027-01-01,3.70
FI000824,F004,C308,78,4,4,74,70,2027-01-01,4.15
FI000825,F004,C311,46,4,4,42,38,2027-01-01,5.50
FI000826,F004,C313,58,0,4,58,54,2027-01-01,6.40
FI000827,F004,C316,144,8,8,136,128,2027-01-01,7.75
FI000828,F004,C320,30,0,4,30,26,2027-01-01,9.55
FI000829,F004,C323,0,0,0,0,0,2027-01-01,10.90
FI000830,F004,C326,29,1,2,28,26,2027-01-01,12.25
FI000831,F004,C330,60,4,4,56,52,2027-01-01,14.05
FI000832,F004,C331,78,2,4,76,72,2027-01-01,14.50
FI000833,F004,C333,76,4,8,72,64,2027-01-01,15.40
FI000834,F004,C340,40,0,4,40,36,2027-01-01,18.55
FI000835,F004,C344,44,2,4,42,38,2027-01-01,20.35
FI000836,F004,C346,48,4,4,44,40,2027-01-01,21.25
FI000837,F004,C347,36,1,2,35,33,2027-01-01,21.70
FI000838,F004,C348,58,0,4,58,54,2027-01-01,22.15
FI000839,F004,C350,27,0,2,27,25,2027-01-01,23.05
FI000840,F004,C351,70,2,4,68,64,2027-01-01,1.00
FI000841,F004,C354,40,0,2,40,38,2027-01-01,2.35
FI000842,F004,C359,27,0,2,27,25,2027-01-01,4.60
FI000843,F004,C360,26,2,4,24,20,2027-01-01,5.05
FI000844,F004,C361,72,0,8,72,64,2027-01-01,5.50
FI000845,F004,C364,52,4,4,48,44,2027-01-01,6.85
FI000846,F004,C366,78,0,4,78,74,2027-01-01,7.75
FI000847,F004,C368,20,2,2,18,16,2027-01-01,8.65
FI000848,F004,C369,32,0,4,32,28,2027-01-01,9.10
FI000849,F004,C373,31,2,2,29,27,2027-01-01,10.90
FI000850,F004,C375,13,1,2,12,10,2027-01-01,11.80
FI000851,F004,C377,120,4,8,116,108,2027-01-01,12.70
FI000852,F004,C378,0,0,0,0,0,2027-01-01,13.15
FI000853,F004,C379,29,0,2,29,27,2027-01-01,13.60
FI000854,F004,C381,33,0,2,33,31,2027-01-01,14.50
FI000855,F004,C383,144,4,8,140,132,2027-01-01,15.40
FI000856,F004,C384,13,0,2,13,11,2027-01-01,15.85
FI000857,F004,C386,48,2,4,46,42,2027-01-01,16.75
FI000858,F004,C392,144,4,8,140,132,2027-01-01,19.45
FI000859,F004,C395,33,1,2,32,30,2027-01-01,20.80
FI000860,F004,C397,13,0,2,13,11,2027-01-01,21.70
FI000861,F004,C398,70,4,4,66,62,2027-01-01,22.15
FI000862,F004,C399,56,4,4,52,48,2027-01-01,22.60
FI000863,F004,C401,27,1,2,26,24,2027-01-01,1.00
FI000864,F004,C403,28,0,4,28,24,2027-01-01,1.90
FI000865,F004,C404,36,1,2,35,33,2027-01-01,2.35
FI000866,F004,C407,104,4,8,100,92,2027-01-01,3.70
FI000867,F004,C408,42,4,4,38,34,2027-01-01,4.15
FI000868,F004,C409,21,1,2,20,18,2027-01-01,4.60
FI000869,F004,C412,17,2,2,15,13,2027-01-01,5.95
FI000870,F004,C413,64,2,4,62,58,2027-01-01,6.40
FI000871,F004,C414,39,2,2,37,35,2027-01-01,6.85
FI000872,F004,C415,76,0,4,76,72,2027-01-01,7.30
FI000873,F004,C416,56,0,4,56,52,2027-01-01,7.75
FI000874,F004,C418,52,4,8,48,40,2027-01-01,8.65
FI000875,F004,C426,26,2,2,24,22,2027-01-01,12.25
FI000876,F004,C430,26,0,2,26,24,2027-01-01,14.05
FI000877,F004,C434,30,4,4,26,22,2027-01-01,15.85
FI000878,F004,C441,31,0,2,31,29,2027-01-01,19.00
FI000879,F004,C442,28,2,2,26,24,2027-01-01,19.45
FI000880,F004,C443,60,4,4,56,52,2027-01-01,19.90
FI000881,F004,C445,13,2,2,11,9,2027-01-01,20.80
FI000882,F004,C448,72,4,4,68,64,2027-01-01,22.15
FI000883,F004,C450,46,4,4,42,38,2027-01-01,23.05
FI000884,F004,C455,35,0,2,35,33,2027-01-01,2.80
FI000885,F004,C458,26,1,2,25,23,2027-01-01,4.15
FI000886,F004,C461,39,2,2,37,35,2027-01-01,5.50
FI000887,F004,C463,56,0,8,56,48,2027-01-01,6.40
FI000888,F004,C466,25,1,2,24,22,2027-01-01,7.75
FI000889,F004,C468,27,2,2,25,23,2027-01-01,8.65
FI000890,F004,C471,40,2,2,38,36,2027-01-01,10.00
FI000891,F004,C472,0,0,0,0,0,2027-01-01,10.45
FI000892,F004,C473,18,1,2,17,15,2027-01-01,10.90
FI000893,F004,C476,80,0,4,80,76,2027-01-01,12.25
FI000894,F004,C477,24,0,2,24,22,2027-01-01,12.70
FI000895,F004,C483,38,1,2,37,35,2027-01-01,15.40
FI000896,F004,C484,58,2,4,56,52,2027-01-01,15.85
FI000897,F004,C486,54,0,4,54,50,2027-01-01,16.75
FI000898,F004,C490,160,8,8,152,144,2027-01-01,18.55
FI000899,F004,C491,14,0,2,14,12,2027-01-01,19.00
FI000900,F004,C493,0,0,0,0,0,2027-01-01,19.90
FI000901,F004,C497,13,0,2,13,11,2027-01-01,21.70
FI000902,F005,C001,124,4,8,120,112,2027-01-01,1.00
FI000903,F005,C002,52,8,8,44,36,2027-01-01,1.45
FI000904,F005,C003,100,8,8,92,84,2027-01-01,1.90
FI000905,F005,C004,144,4,8,140,132,2027-01-01,2.35
FI000906,F005,C005,0,0,0,0,0,2027-01-01,2.80
FI000907,F005,C006,160,8,8,152,144,2027-01-01,3.25
FI000908,F005,C007,76,0,4,76,72,2027-01-01,3.70
FI000909,F005,C008,0,0,0,0,0,2027-01-01,4.15
FI000910,F005,C009,116,0,8,116,108,2027-01-01,4.60
FI000911,F005,C010,52,4,4,48,44,2027-01-01,5.05
FI000912,F005,C011,31,1,2,30,28,2027-01-01,5.50
FI000913,F005,C012,42,0,4,42,38,2027-01-01,5.95
FI000914,F005,C013,66,4,4,62,58,2027-01-01,6.40
FI000915,F005,C014,120,8,8,112,104,2027-01-01,6.85
FI000916,F005,C015,40,2,4,38,34,2027-01-01,7.30
FI000917,F005,C016,128,8,8,120,112,2027-01-01,7.75
FI000918,F005,C017,20,0,2,20,18,2027-01-01,8.20
FI000919,F005,C018,68,4,4,64,60,2027-01-01,8.65
FI000920,F005,C019,36,2,4,34,30,2027-01-01,9.10
FI000921,F005,C020,60,4,4,56,52,2027-01-01,9.55
FI000922,F005,C021,34,0,4,34,30,2027-01-01,10.00
FI000923,F005,C022,152,0,8,152,144,2027-01-01,10.45
FI000924,F005,C023,116,8,8,108,100,2027-01-01,10.90
FI000925,F005,C024,76,4,8,72,64,2027-01-01,11.35
FI000926,F005,C027,100,4,8,96,88,2027-01-01,12.70
FI000927,F005,C029,68,0,8,68,60,2027-01-01,13.60
FI000928,F005,C030,120,0,8,120,112,2027-01-01,14.05
FI000929,F005,C033,58,2,4,56,52,2027-01-01,15.40
FI000930,F005,C036,50,2,4,48,44,2027-01-01,16.75
FI000931,F005,C037,28,2,4,26,22,2027-01-01,17.20
FI000932,F005,C039,56,0,4,56,52,2027-01-01,18.10
FI000933,F005,C040,32,0,4,32,28,2027-01-01,18.55
FI000934,F005,C041,28,4,4,24,20,2027-01-01,19.00
FI000935,F005,C042,32,1,2,31,29,2027-01-01,19.45
FI000936,F005,C044,74,2,4,72,68,2027-01-01,20.35
FI000937,F005,C045,56,2,4,54,50,2027-01-01,20.80
FI000938,F005,C046,40,0,2,40,38,2027-01-01,21.25
FI000939,F005,C049,33,2,2,31,29,2027-01-01,22.60
FI000940,F005,C050,20,1,2,19,17,2027-01-01,23.05
FI000941,F005,C053,26,1,2,25,23,2027-01-01,1.90
FI000942,F005,C060,35,2,2,33,31,2027-01-01,5.05
FI000943,F005,C061,64,2,4,62,58,2027-01-01,5.50
FI000944,F005,C064,78,4,4,74,70,2027-01-01,6.85
FI000945,F005,C068,32,2,4,30,26,2027-01-01,8.65
FI000946,F005,C070,21,2,2,19,17,2027-01-01,9.55
FI000947,F005,C071,36,0,2,36,34,2027-01-01,10.00
FI000948,F005,C072,140,8,8,132,124,2027-01-01,10.45
FI000949,F005,C073,14,1,2,13,11,2027-01-01,10.90
FI000950,F005,C074,31,2,2,29,27,2027-01-01,11.35
FI000951,F005,C076,23,2,2,21,19,2027-01-01,12.25
FI000952,F005,C077,112,4,8,108,100,2027-01-01,12.70
FI000953,F005,C079,31,2,2,29,27,2027-01-01,13.60
FI000954,F005,C080,0,0,0,0,0,2027-01-01,14.05
FI000955,F005,C086,36,4,4,32,28,2027-01-01,16.75
FI000956,F005,C090,46,2,4,44,40,2027-01-01,18.55
FI000957,F005,C092,80,8,8,72,64,2027-01-01,19.45
FI000958,F005,C095,76,4,4,72,68,2027-01-01,20.80
FI000959,F005,C098,18,1,2,17,15,2027-01-01,22.15
FI000960,F005,C099,25,0,2,25,23,2027-01-01,22.60
FI000961,F005,C100,22,2,2,20,18,2027-01-01,23.05
FI000962,F005,C102,78,4,4,74,70,2027-01-01,1.45
FI000963,F005,C104,60,4,8,56,48,2027-01-01,2.35
FI000964,F005,C107,14,0,2,14,12,2027-01-01,3.70
FI000965,F005,C114,70,2,4,68,64,2027-01-01,6.85
FI000966,F005,C115,160,0,8,160,152,2027-01-01,7.30
FI000967,F005,C117,20,0,2,20,18,2027-01-01,8.20
FI000968,F005,C118,24,4,4,20,16,2027-01-01,8.65
FI000969,F005,C119,31,0,2,31,29,2027-01-01,9.10
FI000970,F005,C121,17,0,2,17,15,2027-01-01,10.00
FI000971,F005,C122,58,2,4,56,52,2027-01-01,10.45
FI000972,F005,C124,0,0,0,0,0,2027-01-01,11.35
FI000973,F005,C133,54,2,4,52,48,2027-01-01,15.40
FI000974,F005,C135,26,2,4,24,20,2027-01-01,16.30
FI000975,F005,C137,26,0,4,26,22,2027-01-01,17.20
FI000976,F005,C138,15,0,2,15,13,2027-01-01,17.65
FI000977,F005,C144,62,0,4,62,58,2027-01-01,20.35
FI000978,F005,C145,20,0,2,20,18,2027-01-01,20.80
FI000979,F005,C150,28,0,2,28,26,2027-01-01,23.05
FI000980,F005,C151,39,2,2,37,35,2027-01-01,1.00
FI000981,F005,C152,48,8,8,40,32,2027-01-01,1.45
FI000982,F005,C154,48,2,4,46,42,2027-01-01,2.35
FI000983,F005,C155,19,0,2,19,17,2027-01-01,2.80
FI000984,F005,C157,19,2,2,17,15,2027-01-01,3.70
FI000985,F005,C160,128,8,8,120,112,2027-01-01,5.05
FI000986,F005,C163,28,2,2,26,24,2027-01-01,6.40
FI000987,F005,C164,68,0,4,68,64,2027-01-01,6.85
FI000988,F005,C168,30,4,4,26,22,2027-01-01,8.65
FI000989,F005,C169,16,1,2,15,13,2027-01-01,9.10
FI000990,F005,C170,68,8,8,60,52,2027-01-01,9.55
FI000991,F005,C171,23,1,2,22,20,2027-01-01,10.00
FI000992,F005,C172,13,2,2,11,9,2027-01-01,10.45
FI000993,F005,C174,50,4,4,46,42,2027-01-01,11.35
FI000994,F005,C176,116,4,8,112,104,2027-01-01,12.25
FI000995,F005,C177,58,0,4,58,54,2027-01-01,12.70
FI000996,F005,C178,14,1,2,13,11,2027-01-01,13.15
FI000997,F005,C180,144,0,8,144,136,2027-01-01,14.05
FI000998,F005,C181,22,1,2,21,19,2027-01-01,14.50
FI000999,F005,C185,24,1,2,23,21,2027-01-01,16.30
FI001000,F005,C186,24,4,4,20,16,2027-01-01,16.75
FI001001,F005,C193,68,8,8,60,52,2027-01-01,19.90
FI001002,F005,C194,36,2,2,34,32,2027-01-01,20.35
FI001003,F005,C195,30,2,2,28,26,2027-01-01,20.80
FI001004,F005,C197,15,1,2,14,12,2027-01-01,21.70
FI001005,F005,C198,0,0,0,0,0,2027-01-01,22.15
FI001006,F005,C199,35,0,2,35,33,2027-01-01,22.60
FI001007,F005,C200,60,2,4,58,54,2027-01-01,23.05
FI001008,F005,C201,36,0,2,36,34,2027-01-01,1.00
FI001009,F005,C204,80,2,4,78,74,2027-01-01,2.35
FI001010,F005,C206,76,0,4,76,72,2027-01-01,3.25
FI001011,F005,C207,24,2,4,22,18,2027-01-01,3.70
FI001012,F005,C208,54,2,4,52,48,2027-01-01,4.15
FI001013,F005,C210,62,0,4,62,58,2027-01-01,5.05
FI001014,F005,C214,38,4,4,34,30,2027-01-01,6.85
FI001015,F005,C218,38,0,4,38,34,2027-01-01,8.65
FI001016,F005,C219,20,1,2,19,17,2027-01-01,9.10
FI001017,F005,C220,76,0,4,76,72,2027-01-01,9.55
FI001018,F005,C221,27,1,2,26,24,2027-01-01,10.00
FI001019,F005,C234,39,2,2,37,35,2027-01-01,15.85
FI001020,F005,C237,30,0,4,30,26,2027-01-01,17.20
FI001021,F005,C239,21,0,2,21,19,2027-01-01,18.10
FI001022,F005,C240,16,0,2,16,14,2027-01-01,18.55
FI001023,F005,C241,31,0,2,31,29,2027-01-01,19.00
FI001024,F005,C243,19,0,2,19,17,2027-01-01,19.90
FI001025,F005,C244,32,0,4,32,28,2027-01-01,20.35
FI001026,F005,C247,44,4,4,40,36,2027-01-01,21.70
FI001027,F005,C248,76,0,4,76,72,2027-01-01,22.15
FI001028,F005,C249,112,0,8,112,104,2027-01-01,22.60
FI001029,F005,C250,32,1,2,31,29,2027-01-01,23.05
FI001030,F005,C254,37,2,2,35,33,2027-01-01,2.35
FI001031,F005,C256,27,2,2,25,23,2027-01-01,3.25
FI001032,F005,C257,27,0,2,27,25,2027-01-01,3.70
FI001033,F005,C259,12,1,2,11,9,2027-01-01,4.60
FI001034,F005,C261,13,0,2,13,11,2027-01-01,5.50
FI001035,F005,C262,76,4,4,72,68,2027-01-01,5.95
FI001036,F005,C263,72,2,4,70,66,2027-01-01,6.40
FI001037,F005,C264,62,2,4,60,56,2027-01-01,6.85
FI001038,F005,C269,42,2,4,40,36,2027-01-01,9.10
FI001039,F005,C270,12,1,2,11,9,2027-01-01,9.55
FI001040,F005,C273,38,2,2,36,34,2027-01-01,10.90
FI001041,F005,C274,128,0,8,128,120,2027-01-01,11.35
FI001042,F005,C280,27,0,2,27,25,2027-01-01,14.05
FI001043,F005,C283,33,1,2,32,30,2027-01-01,15.40
FI001044,F005,C284,17,0,2,17,15,2027-01-01,15.85
FI001045,F005,C285,0,0,0,0,0,2027-01-01,16.30
FI001046,F005,C288,52,4,8,48,40,2027-01-01,17.65
FI001047,F005,C289,78,2,4,76,72,2027-01-01,18.10
FI001048,F005,C290,32,1,2,31,29,2027-01-01,18.55
FI001049,F005,C293,116,4,8,112,104,2027-01-01,19.90
FI001050,F005,C296,39,2,2,37,35,2027-01-01,21.25
FI001051,F005,C298,31,0,2,31,29,2027-01-01,22.15
FI001052,F005,C300,40,4,4,36,32,2027-01-01,23.05
FI001053,F005,C301,100,0,8,100,92,2027-01-01,1.00
FI001054,F005,C302,132,8,8,124,116,2027-01-01,1.45
FI001055,F005,C306,64,4,4,60,56,2027-01-01,3.25
FI001056,F005,C307,24,2,2,22,20,2027-01-01,3.70
FI001057,F005,C309,36,4,4,32,28,2027-01-01,4.60
FI001058,F005,C312,22,1,2,21,19,2027-01-01,5.95
FI001059,F005,C313,144,0,8,144,136,2027-01-01,6.40
FI001060,F005,C314,12,1,2,11,9,2027-01-01,6.85
FI001061,F005,C315,38,0,2,38,36,2027-01-01,7.30
FI001062,F005,C318,29,1,2,28,26,2027-01-01,8.65
FI001063,F005,C325,62,4,4,58,54,2027-01-01,11.80
FI001064,F005,C328,36,2,2,34,32,2027-01-01,13.15
FI001065,F005,C329,96,4,8,92,84,2027-01-01,13.60
FI001066,F005,C338,27,2,2,25,23,2027-01-01,17.65
FI001067,F005,C339,38,0,4,38,34,2027-01-01,18.10
FI001068,F005,C340,28,0,4,28,24,2027-01-01,18.55
FI001069,F005,C342,26,4,4,22,18,2027-01-01,19.45
FI001070,F005,C343,40,0,4,40,36,2027-01-01,19.90
FI001071,F005,C344,62,4,4,58,54,2027-01-01,20.35
FI001072,F005,C345,68,0,8,68,60,2027-01-01,20.80
FI001073,F005,C347,16,0,2,16,14,2027-01-01,21.70
FI001074,F005,C349,27,2,2,25,23,2027-01-01,22.60
FI001075,F005,C350,32,0,4,32,28,2027-01-01,23.05
FI001076,F005,C352,52,8,8,44,36,2027-01-01,1.45
FI001077,F005,C353,46,2,4,44,40,2027-01-01,1.90
FI001078,F005,C355,19,0,2,19,17,2027-01-01,2.80
FI001079,F005,C357,136,8,8,128,120,2027-01-01,3.70
FI001080,F005,C360,13,1,2,12,10,2027-01-01,5.05
FI001081,F005,C363,38,0,2,38,36,2027-01-01,6.40
FI001082,F005,C364,18,0,2,18,16,2027-01-01,6.85
FI001083,F005,C365,52,2,4,50,46,2027-01-01,7.30
FI001084,F005,C368,40,0,2,40,38,2027-01-01,8.65
FI001085,F005,C369,21,0,2,21,19,2027-01-01,9.10
FI001086,F005,C370,23,0,2,23,21,2027-01-01,9.55
FI001087,F005,C371,30,4,4,26,22,2027-01-01,10.00
FI001088,F005,C372,28,0,2,28,26,2027-01-01,10.45
FI001089,F005,C374,92,8,8,84,76,2027-01-01,11.35
FI001090,F005,C376,54,4,4,50,46,2027-01-01,12.25
FI001091,F005,C378,40,0,2,40,38,2027-01-01,13.15
FI001092,F005,C379,33,2,2,31,29,2027-01-01,13.60
FI001093,F005,C381,17,1,2,16,14,2027-01-01,14.50
FI001094,F005,C382,156,4,8,152,144,2027-01-01,14.95
FI001095,F005,C383,26,4,4,22,18,2027-01-01,15.40
FI001096,F005,C384,16,1,2,15,13,2027-01-01,15.85
FI001097,F005,C387,22,0,2,22,20,2027-01-01,17.20
FI001098,F005,C389,54,2,4,52,48,2027-01-01,18.10
FI001099,F005,C390,30,2,2,28,26,2027-01-01,18.55
FI001100,F005,C391,37,1,2,36,34,2027-01-01,19.00
FI001101,F005,C393,144,0,8,144,136,2027-01-01,19.90
FI001102,F005,C397,24,2,2,22,20,2027-01-01,21.70
FI001103,F005,C399,108,4,8,104,96,2027-01-01,22.60
FI001104,F005,C403,78,0,4,78,74,2027-01-01,1.90
FI001105,F005,C412,34,1,2,33,31,2027-01-01,5.95
FI001106,F005,C413,68,0,8,68,60,2027-01-01,6.40
FI001107,F005,C414,68,0,4,68,64,2027-01-01,6.85
FI001108,F005,C415,40,2,4,38,34,2027-01-01,7.30
FI001109,F005,C419,48,2,4,46,42,2027-01-01,9.10
FI001110,F005,C421,66,2,4,64,60,2027-01-01,10.00
FI001111,F005,C422,30,2,2,28,26,2027-01-01,10.45
FI001112,F005,C424,80,2,4,78,74,2027-01-01,11.35
FI001113,F005,C425,32,2,2,30,28,2027-01-01,11.80
FI001114,F005,C428,26,2,4,24,20,2027-01-01,13.15
FI001115,F005,C432,23,1,2,22,20,2027-01-01,14.95
FI001116,F005,C433,30,2,2,28,26,2027-01-01,15.40
FI001117,F005,C437,31,1,2,30,28,2027-01-01,17.20
FI001118,F005,C438,23,0,2,23,21,2027-01-01,17.65
FI001119,F005,C439,12,2,2,10,8,2027-01-01,18.10
FI001120,F005,C440,36,1,2,35,33,2027-01-01,18.55
FI001121,F005,C444,42,0,4,42,38,2027-01-01,20.35
FI001122,F005,C457,48,4,8,44,36,2027-01-01,3.70
FI001123,F005,C464,38,0,4,38,34,2027-01-01,6.85
FI001124,F005,C468,152,8,8,144,136,2027-01-01,8.65
FI001125,F005,C469,18,1,2,17,15,2027-01-01,9.10
FI001126,F005,C472,27,0,2,27,25,2027-01-01,10.45
FI001127,F005,C476,14,0,2,14,12,2027-01-01,12.25
FI001128,F005,C477,27,0,2,27,25,2027-01-01,12.70
FI001129,F005,C482,0,0,0,0,0,2027-01-01,14.95
FI001130,F005,C485,26,4,4,22,18,2027-01-01,16.30
FI001131,F005,C491,23,0,2,23,21,2027-01-01,19.00
FI001132,F005,C494,15,2,2,13,11,2027-01-01,20.35
FI001133,F005,C497,48,0,4,48,44,2027-01-01,21.70
FI001134,F005,C498,33,0,2,33,31,2027-01-01,22.15
FI001135,F005,C500,26,2,2,24,22,2027-01-01,23.05
FI001136,F006,C001,48,4,8,44,36,2027-01-01,1.00
FI001137,F006,C002,56,0,8,56,48,2027-01-01,1.45
FI001138,F006,C003,76,2,4,74,70,2027-01-01,1.90
FI001139,F006,C004,80,0,8,80,72,2027-01-01,2.35
FI001140,F006,C005,50,4,4,46,42,2027-01-01,2.80
FI001141,F006,C006,132,8,8,124,116,2027-01-01,3.25
FI001142,F006,C007,68,4,8,64,56,2027-01-01,3.70
FI001143,F006,C008,136,4,8,132,124,2027-01-01,4.15
FI001144,F006,C009,40,2,4,38,34,2027-01-01,4.60
FI001145,F006,C010,48,8,8,40,32,2027-01-01,5.05
FI001146,F006,C011,56,4,8,52,44,2027-01-01,5.50
FI001147,F006,C012,68,4,8,64,56,2027-01-01,5.95
FI001148,F006,C013,38,4,4,34,30,2027-01-01,6.40
FI001149,F006,C014,26,4,4,22,18,2027-01-01,6.85
FI001150,F006,C015,74,2,4,72,68,2027-01-01,7.30
FI001151,F006,C016,70,0,4,70,66,2027-01-01,7.75
FI001152,F006,C017,84,4,8,80,72,2027-01-01,8.20
FI001153,F006,C018,124,4,8,120,112,2027-01-01,8.65
FI001154,F006,C019,31,2,2,29,27,2027-01-01,9.10
FI001155,F006,C020,132,8,8,124,116,2027-01-01,9.55
FI001156,F006,C021,24,2,4,22,18,2027-01-01,10.00
FI001157,F006,C022,112,8,8,104,96,2027-01-01,10.45
FI001158,F006,C023,160,4,8,156,148,2027-01-01,10.90
FI001159,F006,C024,26,0,4,26,22,2027-01-01,11.35
FI001160,F006,C026,120,0,8,120,112,2027-01-01,12.25
FI001161,F006,C027,28,2,2,26,24,2027-01-01,12.70
FI001162,F006,C028,27,1,2,26,24,2027-01-01,13.15
FI001163,F006,C029,96,8,8,88,80,2027-01-01,13.60
FI001164,F006,C030,68,0,8,68,60,2027-01-01,14.05
FI001165,F006,C033,74,0,4,74,70,2027-01-01,15.40
FI001166,F006,C036,23,2,2,21,19,2027-01-01,16.75
FI001167,F006,C037,152,4,8,148,140,2027-01-01,17.20
FI001168,F006,C038,22,2,2,20,18,2027-01-01,17.65
FI001169,F006,C039,26,1,2,25,23,2027-01-01,18.10
FI001170,F006,C040,33,2,2,31,29,2027-01-01,18.55
FI001171,F006,C041,60,2,4,58,54,2027-01-01,19.00
FI001172,F006,C044,19,2,2,17,15,2027-01-01,20.35
FI001173,F006,C045,160,0,8,160,152,2027-01-01,20.80
FI001174,F006,C047,76,0,4,76,72,2027-01-01,21.70
FI001175,F006,C049,60,4,4,56,52,2027-01-01,22.60
FI001176,F006,C051,42,2,4,40,36,2027-01-01,1.00
FI001177,F006,C052,21,1,2,20,18,2027-01-01,1.45
FI001178,F006,C054,13,0,2,13,11,2027-01-01,2.35
FI001179,F006,C055,33,0,2,33,31,2027-01-01,2.80
FI001180,F006,C062,96,0,8,96,88,2027-01-01,5.95
FI001181,F006,C067,32,1,2,31,29,2027-01-01,8.20
FI001182,F006,C070,37,0,2,37,35,2027-01-01,9.55
FI001183,F006,C071,27,1,2,26,24,2027-01-01,10.00
FI001184,F006,C072,27,0,2,27,25,2027-01-01,10.45
FI001185,F006,C075,64,0,4,64,60,2027-01-01,11.80
FI001186,F006,C076,42,0,4,42,38,2027-01-01,12.25
FI001187,F006,C077,27,1,2,26,24,2027-01-01,12.70
FI001188,F006,C078,15,0,2,15,13,2027-01-01,13.15
FI001189,F006,C079,84,8,8,76,68,2027-01-01,13.60
FI001190,F006,C080,29,0,2,29,27,2027-01-01,14.05
FI001191,F006,C081,34,2,4,32,28,2027-01-01,14.50
FI001192,F006,C083,24,0,2,24,22,2027-01-01,15.40
FI001193,F006,C088,22,1,2,21,19,2027-01-01,17.65
FI001194,F006,C090,22,0,2,22,20,2027-01-01,18.55
FI001195,F006,C091,17,2,2,15,13,2027-01-01,19.00
FI001196,F006,C092,28,0,2,28,26,2027-01-01,19.45
FI001197,F006,C097,14,1,2,13,11,2027-01-01,21.70
FI001198,F006,C100,40,0,4,40,36,2027-01-01,23.05
FI001199,F006,C102,52,4,4,48,44,2027-01-01,1.45
FI001200,F006,C106,24,1,2,23,21,2027-01-01,3.25
FI001201,F006,C107,29,2,2,27,25,2027-01-01,3.70
FI001202,F006,C109,13,2,2,11,9,2027-01-01,4.60
FI001203,F006,C110,30,0,4,30,26,2027-01-01,5.05
FI001204,F006,C114,16,0,2,16,14,2027-01-01,6.85
FI001205,F006,C119,36,2,4,34,30,2027-01-01,9.10
FI001206,F006,C123,64,4,4,60,56,2027-01-01,10.90
FI001207,F006,C130,74,0,4,74,70,2027-01-01,14.05
FI001208,F006,C132,80,2,4,78,74,2027-01-01,14.95
FI001209,F006,C138,36,2,2,34,32,2027-01-01,17.65
FI001210,F006,C139,36,2,2,34,32,2027-01-01,18.10
FI001211,F006,C141,160,4,8,156,148,2027-01-01,19.00
FI001212,F006,C142,36,1,2,35,33,2027-01-01,19.45
FI001213,F006,C143,17,2,2,15,13,2027-01-01,19.90
FI001214,F006,C148,32,4,4,28,24,2027-01-01,22.15
FI001215,F006,C149,21,0,2,21,19,2027-01-01,22.60
FI001216,F006,C150,30,0,4,30,26,2027-01-01,23.05
FI001217,F006,C152,13,1,2,12,10,2027-01-01,1.45
FI001218,F006,C154,16,2,2,14,12,2027-01-01,2.35
FI001219,F006,C158,16,1,2,15,13,2027-01-01,4.15
FI001220,F006,C159,128,0,8,128,120,2027-01-01,4.60
FI001221,F006,C160,15,0,2,15,13,2027-01-01,5.05
FI001222,F006,C161,108,8,8,100,92,2027-01-01,5.50
FI001223,F006,C162,64,2,4,62,58,2027-01-01,5.95
FI001224,F006,C163,52,2,4,50,46,2027-01-01,6.40
FI001225,F006,C170,19,2,2,17,15,2027-01-01,9.55
FI001226,F006,C172,56,2,4,54,50,2027-01-01,10.45
FI001227,F006,C174,30,4,4,26,22,2027-01-01,11.35
FI001228,F006,C175,46,2,4,44,40,2027-01-01,11.80
FI001229,F006,C176,48,8,8,40,32,2027-01-01,12.25
FI001230,F006,C177,17,1,2,16,14,2027-01-01,12.70
FI001231,F006,C178,48,4,4,44,40,2027-01-01,13.15
FI001232,F006,C180,72,2,4,70,66,2027-01-01,14.05
FI001233,F006,C181,56,8,8,48,40,2027-01-01,14.50
FI001234,F006,C186,132,4,8,128,120,2027-01-01,16.75
FI001235,F006,C194,23,2,2,21,19,2027-01-01,20.35
FI001236,F006,C195,80,2,4,78,74,2027-01-01,20.80
FI001237,F006,C199,26,1,2,25,23,2027-01-01,22.60
FI001238,F006,C205,70,0,4,70,66,2027-01-01,2.80
FI001239,F006,C207,12,0,2,12,10,2027-01-01,3.70
FI001240,F006,C212,14,0,2,14,12,2027-01-01,5.95
FI001241,F006,C214,21,1,2,20,18,2027-01-01,6.85
FI001242,F006,C220,50,0,4,50,46,2027-01-01,9.55
FI001243,F006,C222,31,2,2,29,27,2027-01-01,10.45
FI001244,F006,C223,23,0,2,23,21,2027-01-01,10.90
FI001245,F006,C225,112,0,8,112,104,2027-01-01,11.80
FI001246,F006,C228,12,0,2,12,10,2027-01-01,13.15
FI001247,F006,C229,72,4,4,68,64,2027-01-01,13.60
FI001248,F006,C230,12,2,2,10,8,2027-01-01,14.05
FI001249,F006,C231,60,2,4,58,54,2027-01-01,14.50
FI001250,F006,C233,66,0,4,66,62,2027-01-01,15.40
FI001251,F006,C235,35,0,2,35,33,2027-01-01,16.30
FI001252,F006,C237,37,2,2,35,33,2027-01-01,17.20
FI001253,F006,C238,32,0,2,32,30,2027-01-01,17.65
FI001254,F006,C240,23,1,2,22,20,2027-01-01,18.55
FI001255,F006,C241,23,2,2,21,19,2027-01-01,19.00
FI001256,F006,C242,27,2,2,25,23,2027-01-01,19.45
FI001257,F006,C243,36,4,4,32,28,2027-01-01,19.90
FI001258,F006,C244,28,0,2,28,26,2027-01-01,20.35
FI001259,F006,C246,31,1,2,30,28,2027-01-01,21.25
FI001260,F006,C249,108,4,8,104,96,2027-01-01,22.60
FI001261,F006,C252,96,8,8,88,80,2027-01-01,1.45
FI001262,F006,C253,36,0,4,36,32,2027-01-01,1.90
FI001263,F006,C254,38,1,2,37,35,2027-01-01,2.35
FI001264,F006,C259,30,0,2,30,28,2027-01-01,4.60
FI001265,F006,C260,76,2,4,74,70,2027-01-01,5.05
FI001266,F006,C263,56,8,8,48,40,2027-01-01,6.40
FI001267,F006,C266,66,0,4,66,62,2027-01-01,7.75
FI001268,F006,C267,38,2,4,36,32,2027-01-01,8.20
FI001269,F006,C269,54,2,4,52,48,2027-01-01,9.10
FI001270,F006,C270,70,2,4,68,64,2027-01-01,9.55
FI001271,F006,C271,37,0,2,37,35,2027-01-01,10.00
FI001272,F006,C274,36,4,4,32,28,2027-01-01,11.35
FI001273,F006,C277,20,0,2,20,18,2027-01-01,12.70
FI001274,F006,C278,29,0,2,29,27,2027-01-01,13.15
FI001275,F006,C280,64,8,8,56,48,2027-01-01,14.05
FI001276,F006,C281,26,2,4,24,20,2027-01-01,14.50
FI001277,F006,C287,17,1,2,16,14,2027-01-01,17.20
FI001278,F006,C291,32,0,2,32,30,2027-01-01,19.00
FI001279,F006,C293,68,8,8,60,52,2027-01-01,19.90
FI001280,F006,C294,46,2,4,44,40,2027-01-01,20.35
FI001281,F006,C296,17,2,2,15,13,2027-01-01,21.25
FI001282,F006,C301,42,4,4,38,34,2027-01-01,1.00
FI001283,F006,C302,40,2,2,38,36,2027-01-01,1.45
FI001284,F006,C304,39,2,2,37,35,2027-01-01,2.35
FI001285,F006,C308,26,4,4,22,18,2027-01-01,4.15
FI001286,F006,C311,19,2,2,17,15,2027-01-01,5.50
FI001287,F006,C313,42,2,4,40,36,2027-01-01,6.40
FI001288,F006,C316,24,2,2,22,20,2027-01-01,7.75
FI001289,F006,C317,60,4,8,56,48,2027-01-01,8.20
FI001290,F006,C320,24,0,4,24,20,2027-01-01,9.55
FI001291,F006,C322,28,0,2,28,26,2027-01-01,10.45
FI001292,F006,C323,48,4,4,44,40,2027-01-01,10.90
FI001293,F006,C325,13,0,2,13,11,2027-01-01,11.80
FI001294,F006,C326,136,8,8,128,120,2027-01-01,12.25
FI001295,F006,C328,36,2,2,34,32,2027-01-01,13.15
FI001296,F006,C329,160,4,8,156,148,2027-01-01,13.60
FI001297,F006,C331,40,0,4,40,36,2027-01-01,14.50
FI001298,F006,C336,20,1,2,19,17,2027-01-01,16.75
FI001299,F006,C338,32,0,4,32,28,2027-01-01,17.65
FI001300,F006,C341,32,2,2,30,28,2027-01-01,19.00
FI001301,F006,C344,32,1,2,31,29,2027-01-01,20.35
FI001302,F006,C346,152,0,8,152,144,2027-01-01,21.25
FI001303,F006,C347,12,1,2,11,9,2027-01-01,21.70
FI001304,F006,C348,132,4,8,128,120,2027-01-01,22.15
FI001305,F006,C349,96,4,8,92,84,2027-01-01,22.60
FI001306,F006,C351,38,4,4,34,30,2027-01-01,1.00
FI001307,F006,C356,30,0,2,30,28,2027-01-01,3.25
FI001308,F006,C357,68,4,4,64,60,2027-01-01,3.70
FI001309,F006,C358,34,2,4,32,28,2027-01-01,4.15
FI001310,F006,C361,52,4,8,48,40,2027-01-01,5.50
FI001311,F006,C362,28,4,4,24,20,2027-01-01,5.95
FI001312,F006,C363,38,0,2,38,36,2027-01-01,6.40
FI001313,F006,C364,124,8,8,116,108,2027-01-01,6.85
FI001314,F006,C366,64,0,8,64,56,2027-01-01,7.75
FI001315,F006,C372,38,0,2,38,36,2027-01-01,10.45
FI001316,F006,C375,0,0,0,0,0,2027-01-01,11.80
FI001317,F006,C377,148,4,8,144,136,2027-01-01,12.70
FI001318,F006,C379,19,0,2,19,17,2027-01-01,13.60
FI001319,F006,C381,34,1,2,33,31,2027-01-01,14.50
FI001320,F006,C382,42,4,4,38,34,2027-01-01,14.95
FI001321,F006,C388,42,2,4,40,36,2027-01-01,17.65
FI001322,F006,C390,24,0,4,24,20,2027-01-01,18.55
FI001323,F006,C396,38,0,2,38,36,2027-01-01,21.25
FI001324,F006,C398,58,0,4,58,54,2027-01-01,22.15
FI001325,F006,C399,34,1,2,33,31,2027-01-01,22.60
FI001326,F006,C400,56,0,8,56,48,2027-01-01,23.05
FI001327,F006,C404,18,1,2,17,15,2027-01-01,2.35
FI001328,F006,C405,21,1,2,20,18,2027-01-01,2.80
FI001329,F006,C406,78,4,4,74,70,2027-01-01,3.25
FI001330,F006,C412,52,0,4,52,48,2027-01-01,5.95
FI001331,F006,C413,76,0,4,76,72,2027-01-01,6.40
FI001332,F006,C419,39,1,2,38,36,2027-01-01,9.10
FI001333,F006,C420,24,0,4,24,20,2027-01-01,9.55
FI001334,F006,C426,33,0,2,33,31,2027-01-01,12.25
FI001335,F006,C432,76,0,4,76,72,2027-01-01,14.95
FI001336,F006,C434,25,1,2,24,22,2027-01-01,15.85
FI001337,F006,C437,100,8,8,92,84,2027-01-01,17.20
FI001338,F006,C440,80,0,8,80,72,2027-01-01,18.55
FI001339,F006,C441,34,4,4,30,26,2027-01-01,19.00
FI001340,F006,C443,19,0,2,19,17,2027-01-01,19.90
FI001341,F006,C444,30,4,4,26,22,2027-01-01,20.35
FI001342,F006,C445,52,0,8,52,44,2027-01-01,20.80
FI001343,F006,C446,36,0,2,36,34,2027-01-01,21.25
FI001344,F006,C448,76,4,8,72,64,2027-01-01,22.15
FI001345,F006,C449,74,2,4,72,68,2027-01-01,22.60
FI001346,F006,C451,15,0,2,15,13,2027-01-01,1.00
FI001347,F006,C455,38,2,4,36,32,2027-01-01,2.80
FI001348,F006,C456,66,2,4,64,60,2027-01-01,3.25
FI001349,F006,C457,14,2,2,12,10,2027-01-01,3.70
FI001350,F006,C459,23,2,2,21,19,2027-01-01,4.60
FI001351,F006,C463,34,2,4,32,28,2027-01-01,6.40
FI001352,F006,C464,56,4,8,52,44,2027-01-01,6.85
FI001353,F006,C468,78,2,4,76,72,2027-01-01,8.65
FI001354,F006,C471,50,4,4,46,42,2027-01-01,10.00
FI001355,F006,C472,0,0,0,0,0,2027-01-01,10.45
FI001356,F006,C474,32,0,2,32,30,2027-01-01,11.35
FI001357,F006,C479,36,0,2,36,34,2027-01-01,13.60
FI001358,F006,C485,25,0,2,25,23,2027-01-01,16.30
FI001359,F006,C486,26,4,4,22,18,2027-01-01,16.75
FI001360,F006,C488,68,2,4,66,62,2027-01-01,17.65
FI001361,F006,C489,24,0,2,24,22,2027-01-01,18.10
FI001362,F006,C490,56,0,8,56,48,2027-01-01,18.55
FI001363,F006,C496,62,4,4,58,54,2027-01-01,21.25
FI001364,F006,C500,34,2,2,32,30,2027-01-01,23.05
FI001365,F007,C001,74,2,4,72,68,2027-01-01,1.00
FI001366,F007,C002,160,8,8,152,144,2027-01-01,1.45
FI001367,F007,C003,144,0,8,144,136,2027-01-01,1.90
FI001368,F007,C004,60,8,8,52,44,2027-01-01,2.35
FI001369,F007,C005,56,0,4,56,52,2027-01-01,2.80
FI001370,F007,C006,42,0,4,42,38,2027-01-01,3.25
FI001371,F007,C007,66,2,4,64,60,2027-01-01,3.70
FI001372,F007,C008,148,4,8,144,136,2027-01-01,4.15
FI001373,F007,C009,48,0,8,48,40,2027-01-01,4.60
FI001374,F007,C010,64,0,4,64,60,2027-01-01,5.05
FI001375,F007,C011,56,0,4,56,52,2027-01-01,5.50
FI001376,F007,C012,128,0,8,128,120,2027-01-01,5.95
FI001377,F007,C013,30,4,4,26,22,2027-01-01,6.40
FI001378,F007,C014,136,8,8,128,120,2027-01-01,6.85
FI001379,F007,C015,92,0,8,92,84,2027-01-01,7.30
FI001380,F007,C016,72,8,8,64,56,2027-01-01,7.75
FI001381,F007,C017,66,2,4,64,60,2027-01-01,8.20
FI001382,F007,C018,116,0,8,116,108,2027-01-01,8.65
FI001383,F007,C019,100,0,8,100,92,2027-01-01,9.10
FI001384,F007,C020,116,0,8,116,108,2027-01-01,9.55
FI001385,F007,C021,68,2,4,66,62,2027-01-01,10.00
FI001386,F007,C022,50,0,4,50,46,2027-01-01,10.45
FI001387,F007,C023,116,0,8,116,108,2027-01-01,10.90
FI001388,F007,C024,54,0,4,54,50,2027-01-01,11.35
FI001389,F007,C027,128,4,8,124,116,2027-01-01,12.70
FI001390,F007,C029,24,2,2,22,20,2027-01-01,13.60
FI001391,F007,C030,104,8,8,96,88,2027-01-01,14.05
FI001392,F007,C031,56,4,8,52,44,2027-01-01,14.50
FI001393,F007,C032,32,2,2,30,28,2027-01-01,14.95
FI001394,F007,C033,120,8,8,112,104,2027-01-01,15.40
FI001395,F007,C034,24,2,2,22,20,2027-01-01,15.85
FI001396,F007,C035,80,8,8,72,64,2027-01-01,16.30
FI001397,F007,C036,80,0,8,80,72,2027-01-01,16.75
FI001398,F007,C037,48,8,8,40,32,2027-01-01,17.20
FI001399,F007,C038,26,2,2,24,22,2027-01-01,17.65
FI001400,F007,C039,39,1,2,38,36,2027-01-01,18.10
FI001401,F007,C044,19,2,2,17,15,2027-01-01,20.35
FI001402,F007,C045,72,8,8,64,56,2027-01-01,20.80
FI001403,F007,C047,25,0,2,25,23,2027-01-01,21.70
FI001404,F007,C049,160,0,8,160,152,2027-01-01,22.60
FI001405,F007,C053,35,2,2,33,31,2027-01-01,1.90
FI001406,F007,C054,88,4,8,84,76,2027-01-01,2.35
FI001407,F007,C058,78,4,4,74,70,2027-01-01,4.15
FI001408,F007,C061,120,0,8,120,112,2027-01-01,5.50
FI001409,F007,C064,70,2,4,68,64,2027-01-01,6.85
FI001410,F007,C065,80,4,4,76,72,2027-01-01,7.30
FI001411,F007,C066,36,2,2,34,32,2027-01-01,7.75
FI001412,F007,C070,26,4,4,22,18,2027-01-01,9.55
FI001413,F007,C071,18,2,2,16,14,2027-01-01,10.00
FI001414,F007,C073,13,2,2,11,9,2027-01-01,10.90
FI001415,F007,C074,30,2,2,28,26,2027-01-01,11.35
FI001416,F007,C076,34,2,4,32,28,2027-01-01,12.25
FI001417,F007,C078,128,0,8,128,120,2027-01-01,13.15
FI001418,F007,C081,52,0,4,52,48,2027-01-01,14.50
FI001419,F007,C086,17,2,2,15,13,2027-01-01,16.75
FI001420,F007,C089,72,0,4,72,68,2027-01-01,18.10
FI001421,F007,C091,26,0,4,26,22,2027-01-01,19.00
FI001422,F007,C095,46,4,4,42,38,2027-01-01,20.80
FI001423,F007,C096,13,2,2,11,9,2027-01-01,21.25
FI001424,F007,C097,132,4,8,128,120,2027-01-01,21.70
FI001425,F007,C099,70,0,4,70,66,2027-01-01,22.60
FI001426,F007,C100,38,4,4,34,30,2027-01-01,23.05
FI001427,F007,C101,15,0,2,15,13,2027-01-01,1.00
FI001428,F007,C102,136,4,8,132,124,2027-01-01,1.45
FI001429,F007,C105,26,4,4,22,18,2027-01-01,2.80
FI001430,F007,C106,40,2,2,38,36,2027-01-01,3.25
FI001431,F007,C108,15,2,2,13,11,2027-01-01,4.15
FI001432,F007,C112,78,4,4,74,70,2027-01-01,5.95
FI001433,F007,C114,0,0,0,0,0,2027-01-01,6.85
FI001434,F007,C116,34,1,2,33,31,2027-01-01,7.75
FI001435,F007,C118,68,4,4,64,60,2027-01-01,8.65
FI001436,F007,C121,100,4,8,96,88,2027-01-01,10.00
FI001437,F007,C122,136,8,8,128,120,2027-01-01,10.45
FI001438,F007,C123,39,1,2,38,36,2027-01-01,10.90
FI001439,F007,C124,22,1,2,21,19,2027-01-01,11.35
FI001440,F007,C128,18,0,2,18,16,2027-01-01,13.15
FI001441,F007,C131,22,0,2,22,20,2027-01-01,14.50
FI001442,F007,C134,70,0,4,70,66,2027-01-01,15.85
FI001443,F007,C135,38,2,2,36,34,2027-01-01,16.30
FI001444,F007,C136,39,1,2,38,36,2027-01-01,16.75
FI001445,F007,C137,56,8,8,48,40,2027-01-01,17.20
FI001446,F007,C138,16,0,2,16,14,2027-01-01,17.65
FI001447,F007,C139,37,0,2,37,35,2027-01-01,18.10
FI001448,F007,C140,28,4,4,24,20,2027-01-01,18.55
FI001449,F007,C141,19,0,2,19,17,2027-01-01,19.00
FI001450,F007,C142,88,0,8,88,80,2027-01-01,19.45
FI001451,F007,C144,148,0,8,148,140,2027-01-01,20.35
FI001452,F007,C145,37,2,2,35,33,2027-01-01,20.80
FI001453,F007,C146,20,2,2,18,16,2027-01-01,21.25
FI001454,F007,C147,160,0,8,160,152,2027-01-01,21.70
FI001455,F007,C148,18,2,2,16,14,2027-01-01,22.15
FI001456,F007,C149,132,4,8,128,120,2027-01-01,22.60
FI001457,F007,C151,0,0,0,0,0,2027-01-01,1.00
FI001458,F007,C152,70,0,4,70,66,2027-01-01,1.45
FI001459,F007,C153,32,1,2,31,29,2027-01-01,1.90
FI001460,F007,C155,12,1,2,11,9,2027-01-01,2.80
FI001461,F007,C159,64,2,4,62,58,2027-01-01,4.60
FI001462,F007,C160,39,1,2,38,36,2027-01-01,5.05
FI001463,F007,C163,37,2,2,35,33,2027-01-01,6.40
FI001464,F007,C166,60,0,8,60,52,2027-01-01,7.75
FI001465,F007,C169,37,2,2,35,33,2027-01-01,9.10
FI001466,F007,C171,18,0,2,18,16,2027-01-01,10.00
FI001467,F007,C172,0,0,0,0,0,2027-01-01,10.45
FI001468,F007,C177,21,2,2,19,17,2027-01-01,12.70
FI001469,F007,C180,76,0,4,76,72,2027-01-01,14.05
FI001470,F007,C181,76,0,8,76,68,2027-01-01,14.50
FI001471,F007,C183,38,0,2,38,36,2027-01-01,15.40
FI001472,F007,C184,24,0,2,24,22,2027-01-01,15.85
FI001473,F007,C189,33,0,2,33,31,2027-01-01,18.10
FI001474,F007,C191,20,2,2,18,16,2027-01-01,19.00
FI001475,F007,C193,33,0,2,33,31,2027-01-01,19.90
FI001476,F007,C194,24,4,4,20,16,2027-01-01,20.35
FI001477,F007,C201,34,2,2,32,30,2027-01-01,1.00
FI001478,F007,C202,17,0,2,17,15,2027-01-01,1.45
FI001479,F007,C204,26,2,2,24,22,2027-01-01,2.35
FI001480,F007,C206,60,0,4,60,56,2027-01-01,3.25
FI001481,F007,C208,16,1,2,15,13,2027-01-01,4.15
FI001482,F007,C214,44,4,4,40,36,2027-01-01,6.85
FI001483,F007,C215,78,4,4,74,70,2027-01-01,7.30
FI001484,F007,C218,34,2,2,32,30,2027-01-01,8.65
FI001485,F007,C221,16,2,2,14,12,2027-01-01,10.00
FI001486,F007,C222,156,0,8,156,148,2027-01-01,10.45
FI001487,F007,C223,30,0,2,30,28,2027-01-01,10.90
FI001488,F007,C224,152,4,8,148,140,2027-01-01,11.35
FI001489,F007,C229,38,2,4,36,32,2027-01-01,13.60
FI001490,F007,C231,29,0,2,29,27,2027-01-01,14.50
FI001491,F007,C232,72,4,4,68,64,2027-01-01,14.95
FI001492,F007,C235,39,1,2,38,36,2027-01-01,16.30
FI001493,F007,C237,72,2,4,70,66,2027-01-01,17.20
FI001494,F007,C238,112,4,8,108,100,2027-01-01,17.65
FI001495,F007,C241,29,1,2,28,26,2027-01-01,19.00
FI001496,F007,C243,38,0,4,38,34,2027-01-01,19.90
FI001497,F007,C244,19,1,2,18,16,2027-01-01,20.35
FI001498,F007,C246,36,4,4,32,28,2027-01-01,21.25
FI001499,F007,C251,33,0,2,33,31,2027-01-01,1.00
FI001500,F007,C252,32,2,4,30,26,2027-01-01,1.45
FI001501,F007,C254,68,2,4,66,62,2027-01-01,2.35
FI001502,F007,C255,54,0,4,54,50,2027-01-01,2.80
FI001503,F007,C256,21,0,2,21,19,2027-01-01,3.25
FI001504,F007,C257,0,0,0,0,0,2027-01-01,3.70
FI001505,F007,C260,78,4,4,74,70,2027-01-01,5.05
FI001506,F007,C261,58,4,4,54,50,2027-01-01,5.50
FI001507,F007,C263,64,0,4,64,60,2027-01-01,6.40
FI001508,F007,C265,35,2,2,33,31,2027-01-01,7.30
FI001509,F007,C266,34,2,2,32,30,2027-01-01,7.75
FI001510,F007,C267,64,2,4,62,58,2027-01-01,8.20
FI001511,F007,C269,36,0,2,36,34,2027-01-01,9.10
FI001512,F007,C270,48,4,4,44,40,2027-01-01,9.55
FI001513,F007,C271,54,0,4,54,50,2027-01-01,10.00
FI001514,F007,C273,38,1,2,37,35,2027-01-01,10.90
FI001515,F007,C274,36,1,2,35,33,2027-01-01,11.35
FI001516,F007,C277,64,0,4,64,60,2027-01-01,12.70
FI001517,F007,C279,100,4,8,96,88,2027-01-01,13.60
FI001518,F007,C282,56,2,4,54,50,2027-01-01,14.95
FI001519,F007,C288,30,0,2,30,28,2027-01-01,17.65
FI001520,F007,C290,37,1,2,36,34,2027-01-01,18.55
FI001521,F007,C294,37,2,2,35,33,2027-01-01,20.35
FI001522,F007,C296,140,4,8,136,128,2027-01-01,21.25
FI001523,F007,C301,23,0,2,23,21,2027-01-01,1.00
FI001524,F007,C304,37,1,2,36,34,2027-01-01,2.35
FI001525,F007,C308,12,0,2,12,10,2027-01-01,4.15
FI001526,F007,C309,50,2,4,48,44,2027-01-01,4.60
FI001527,F007,C310,33,2,2,31,29,2027-01-01,5.05
FI001528,F007,C311,30,0,2,30,28,2027-01-01,5.50
FI001529,F007,C313,62,2,4,60,56,2027-01-01,6.40
FI001530,F007,C330,36,0,4,36,32,2027-01-01,14.05
FI001531,F007,C331,0,0,0,0,0,2027-01-01,14.50
FI001532,F007,C334,13,0,2,13,11,2027-01-01,15.85
FI001533,F007,C336,28,1,2,27,25,2027-01-01,16.75
FI001534,F007,C338,40,2,4,38,34,2027-01-01,17.65
FI001535,F007,C344,136,0,8,136,128,2027-01-01,20.35
FI001536,F007,C346,25,1,2,24,22,2027-01-01,21.25
FI001537,F007,C350,80,4,8,76,68,2027-01-01,23.05
FI001538,F007,C352,19,1,2,18,16,2027-01-01,1.45
FI001539,F007,C355,18,1,2,17,15,2027-01-01,2.80
FI001540,F007,C357,46,0,4,46,42,2027-01-01,3.70
FI001541,F007,C358,34,4,4,30,26,2027-01-01,4.15
FI001542,F007,C359,0,0,0,0,0,2027-01-01,4.60
FI001543,F007,C361,124,4,8,120,112,2027-01-01,5.50
FI001544,F007,C364,78,0,4,78,74,2027-01-01,6.85
FI001545,F007,C367,52,4,4,48,44,2027-01-01,8.20
FI001546,F007,C377,25,2,2,23,21,2027-01-01,12.70
FI001547,F007,C378,22,0,2,22,20,2027-01-01,13.15
FI001548,F007,C380,22,2,2,20,18,2027-01-01,14.05
FI001549,F007,C381,16,0,2,16,14,2027-01-01,14.50
FI001550,F007,C383,80,2,4,78,74,2027-01-01,15.40
FI001551,F007,C384,26,2,2,24,22,2027-01-01,15.85
FI001552,F007,C385,66,4,4,62,58,2027-01-01,16.30
FI001553,F007,C388,42,0,4,42,38,2027-01-01,17.65
FI001554,F007,C390,76,0,4,76,72,2027-01-01,18.55
FI001555,F007,C394,52,4,4,48,44,2027-01-01,20.35
FI001556,F007,C395,124,8,8,116,108,2027-01-01,20.80
FI001557,F007,C396,60,0,8,60,52,2027-01-01,21.25
FI001558,F007,C397,76,0,8,76,68,2027-01-01,21.70
FI001559,F007,C407,13,0,2,13,11,2027-01-01,3.70
FI001560,F007,C408,160,0,8,160,152,2027-01-01,4.15
FI001561,F007,C412,160,4,8,156,148,2027-01-01,5.95
FI001562,F007,C419,28,2,4,26,22,2027-01-01,9.10
FI001563,F007,C420,80,4,4,76,72,2027-01-01,9.55
FI001564,F007,C422,112,8,8,104,96,2027-01-01,10.45
FI001565,F007,C427,156,4,8,152,144,2027-01-01,12.70
FI001566,F007,C429,68,2,4,66,62,2027-01-01,13.60
FI001567,F007,C432,23,2,2,21,19,2027-01-01,14.95
FI001568,F007,C433,33,1,2,32,30,2027-01-01,15.40
FI001569,F007,C435,36,2,4,34,30,2027-01-01,16.30
FI001570,F007,C436,46,0,4,46,42,2027-01-01,16.75
FI001571,F007,C444,29,0,2,29,27,2027-01-01,20.35
FI001572,F007,C445,37,2,2,35,33,2027-01-01,20.80
FI001573,F007,C447,37,1,2,36,34,2027-01-01,21.70
FI001574,F007,C448,96,8,8,88,80,2027-01-01,22.15
FI001575,F007,C451,18,1,2,17,15,2027-01-01,1.00
FI001576,F007,C453,48,0,8,48,40,2027-01-01,1.90
FI001577,F007,C455,38,2,4,36,32,2027-01-01,2.80
FI001578,F007,C456,36,1,2,35,33,2027-01-01,3.25
FI001579,F007,C458,18,1,2,17,15,2027-01-01,4.15
FI001580,F007,C459,62,4,4,58,54,2027-01-01,4.60
FI001581,F007,C462,14,0,2,14,12,2027-01-01,5.95
FI001582,F007,C463,0,0,0,0,0,2027-01-01,6.40
FI001583,F007,C470,52,4,4,48,44,2027-01-01,9.55
FI001584,F007,C472,140,4,8,136,128,2027-01-01,10.45
FI001585,F007,C474,92,4,8,88,80,2027-01-01,11.35
FI001586,F007,C476,30,1,2,29,27,2027-01-01,12.25
FI001587,F007,C478,20,1,2,19,17,2027-01-01,13.15
FI001588,F007,C481,32,1,2,31,29,2027-01-01,14.50
FI001589,F007,C483,34,2,2,32,30,2027-01-01,15.40
FI001590,F007,C484,58,4,4,54,50,2027-01-01,15.85
FI001591,F007,C485,56,8,8,48,40,2027-01-01,16.30
FI001592,F007,C492,31,0,2,31,29,2027-01-01,19.45
FI001593,F007,C496,74,0,4,74,70,2027-01-01,21.25
FI001594,F007,C497,64,4,8,60,52,2027-01-01,21.70
FI001595,F007,C498,13,2,2,11,9,2027-01-01,22.15
FI001596,F007,C499,33,2,2,31,29,2027-01-01,22.60
FI001597,F007,C500,74,0,4,74,70,2027-01-01,23.05
FI001598,F008,C001,64,0,8,64,56,2027-01-01,1.00
FI001599,F008,C002,34,0,4,34,30,2027-01-01,1.45
FI001600,F008,C003,84,0,8,84,76,2027-01-01,1.90
FI001601,F008,C004,68,8,8,60,52,2027-01-01,2.35
FI001602,F008,C005,48,4,8,44,36,2027-01-01,2.80
FI001603,F008,C006,80,4,8,76,68,2027-01-01,3.25
FI001604,F008,C007,38,2,4,36,32,2027-01-01,3.70
FI001605,F008,C008,68,8,8,60,52,2027-01-01,4.15
FI001606,F008,C009,128,8,8,120,112,2027-01-01,4.60
FI001607,F008,C010,116,4,8,112,104,2027-01-01,5.05
FI001608,F008,C011,30,2,4,28,24,2027-01-01,5.50
FI001609,F008,C012,60,0,8,60,52,2027-01-01,5.95
FI001610,F008,C013,62,2,4,60,56,2027-01-01,6.40
FI001611,F008,C014,18,2,2,16,14,2027-01-01,6.85
FI001612,F008,C015,46,2,4,44,40,2027-01-01,7.30
FI001613,F008,C016,120,0,8,120,112,2027-01-01,7.75
FI001614,F008,C017,116,8,8,108,100,2027-01-01,8.20
FI001615,F008,C018,30,0,4,30,26,2027-01-01,8.65
FI001616,F008,C019,36,1,2,35,33,2027-01-01,9.10
FI001617,F008,C020,80,0,8,80,72,2027-01-01,9.55
FI001618,F008,C021,54,4,4,50,46,2027-01-01,10.00
FI001619,F008,C023,116,4,8,112,104,2027-01-01,10.90
FI001620,F008,C024,88,0,8,88,80,2027-01-01,11.35
FI001621,F008,C025,120,4,8,116,108,2027-01-01,11.80
FI001622,F008,C026,100,0,8,100,92,2027-01-01,12.25
FI001623,F008,C027,26,2,4,24,20,2027-01-01,12.70
FI001624,F008,C028,66,4,4,62,58,2027-01-01,13.15
FI001625,F008,C029,116,0,8,116,108,2027-01-01,13.60
FI001626,F008,C030,76,8,8,68,60,2027-01-01,14.05
FI001627,F008,C033,68,4,4,64,60,2027-01-01,15.40
FI001628,F008,C035,152,0,8,152,144,2027-01-01,16.30
FI001629,F008,C037,152,4,8,148,140,2027-01-01,17.20
FI001630,F008,C039,84,0,8,84,76,2027-01-01,18.10
FI001631,F008,C042,13,2,2,11,9,2027-01-01,19.45
FI001632,F008,C043,26,2,2,24,22,2027-01-01,19.90
FI001633,F008,C044,35,0,2,35,33,2027-01-01,20.35
FI001634,F008,C045,132,8,8,124,116,2027-01-01,20.80
FI001635,F008,C047,25,2,2,23,21,2027-01-01,21.70
FI001636,F008,C048,76,4,4,72,68,2027-01-01,22.15
FI001637,F008,C049,100,0,8,100,92,2027-01-01,22.60
FI001638,F008,C050,24,1,2,23,21,2027-01-01,23.05
FI001639,F008,C051,70,4,4,66,62,2027-01-01,1.00
FI001640,F008,C052,50,0,4,50,46,2027-01-01,1.45
FI001641,F008,C053,46,0,4,46,42,2027-01-01,1.90
FI001642,F008,C054,62,4,4,58,54,2027-01-01,2.35
FI001643,F008,C058,46,0,4,46,42,2027-01-01,4.15
FI001644,F008,C060,31,1,2,30,28,2027-01-01,5.05
FI001645,F008,C065,28,1,2,27,25,2027-01-01,7.30
FI001646,F008,C066,54,2,4,52,48,2027-01-01,7.75
FI001647,F008,C067,104,8,8,96,88,2027-01-01,8.20
FI001648,F008,C069,14,1,2,13,11,2027-01-01,9.10
FI001649,F008,C074,15,1,2,14,12,2027-01-01,11.35
FI001650,F008,C075,70,4,4,66,62,2027-01-01,11.80
FI001651,F008,C076,128,0,8,128,120,2027-01-01,12.25
FI001652,F008,C077,39,0,2,39,37,2027-01-01,12.70
FI001653,F008,C081,39,0,2,39,37,2027-01-01,14.50
FI001654,F008,C082,28,4,4,24,20,2027-01-01,14.95
FI001655,F008,C083,22,2,2,20,18,2027-01-01,15.40
FI001656,F008,C090,120,8,8,112,104,2027-01-01,18.55
FI001657,F008,C092,84,8,8,76,68,2027-01-01,19.45
FI001658,F008,C093,30,0,4,30,26,2027-01-01,19.90
FI001659,F008,C094,40,0,2,40,38,2027-01-01,20.35
FI001660,F008,C095,116,0,8,116,108,2027-01-01,20.80
FI001661,F008,C097,38,0,4,38,34,2027-01-01,21.70
FI001662,F008,C101,64,4,4,60,56,2027-01-01,1.00
FI001663,F008,C102,144,8,8,136,128,2027-01-01,1.45
FI001664,F008,C105,56,4,8,52,44,2027-01-01,2.80
FI001665,F008,C108,80,2,4,78,74,2027-01-01,4.15
FI001666,F008,C109,34,2,2,32,30,2027-01-01,4.60
FI001667,F008,C111,14,1,2,13,11,2027-01-01,5.50
FI001668,F008,C118,27,1,2,26,24,2027-01-01,8.65
FI001669,F008,C121,20,0,2,20,18,2027-01-01,10.00
FI001670,F008,C123,52,0,8,52,44,2027-01-01,10.90
FI001671,F008,C124,39,1,2,38,36,2027-01-01,11.35
FI001672,F008,C125,42,4,4,38,34,2027-01-01,11.80
FI001673,F008,C128,16,1,2,15,13,2027-01-01,13.15
FI001674,F008,C129,148,8,8,140,132,2027-01-01,13.60
FI001675,F008,C130,62,4,4,58,54,2027-01-01,14.05
FI001676,F008,C136,34,0,2,34,32,2027-01-01,16.75
FI001677,F008,C142,62,4,4,58,54,2027-01-01,19.45
FI001678,F008,C148,28,2,2,26,24,2027-01-01,22.15
FI001679,F008,C149,104,4,8,100,92,2027-01-01,22.60
FI001680,F008,C152,35,1,2,34,32,2027-01-01,1.45
FI001681,F008,C153,60,4,4,56,52,2027-01-01,1.90
FI001682,F008,C155,152,0,8,152,144,2027-01-01,2.80
FI001683,F008,C158,40,1,2,39,37,2027-01-01,4.15
FI001684,F008,C164,35,1,2,34,32,2027-01-01,6.85
FI001685,F008,C166,16,1,2,15,13,2027-01-01,7.75
FI001686,F008,C168,76,2,4,74,70,2027-01-01,8.65
FI001687,F008,C173,60,4,4,56,52,2027-01-01,10.90
FI001688,F008,C174,160,4,8,156,148,2027-01-01,11.35
FI001689,F008,C177,32,2,2,30,28,2027-01-01,12.70
FI001690,F008,C178,29,2,2,27,25,2027-01-01,13.15
FI001691,F008,C179,46,0,4,46,42,2027-01-01,13.60
FI001692,F008,C180,132,0,8,132,124,2027-01-01,14.05
FI001693,F008,C181,26,2,2,24,22,2027-01-01,14.50
FI001694,F008,C182,24,4,4,20,16,2027-01-01,14.95
FI001695,F008,C183,48,4,4,44,40,2027-01-01,15.40
FI001696,F008,C184,56,0,4,56,52,2027-01-01,15.85
FI001697,F008,C189,80,8,8,72,64,2027-01-01,18.10
FI001698,F008,C192,58,4,4,54,50,2027-01-01,19.45
FI001699,F008,C197,136,4,8,132,124,2027-01-01,21.70
FI001700,F008,C199,27,1,2,26,24,2027-01-01,22.60
FI001701,F008,C200,28,4,4,24,20,2027-01-01,23.05
FI001702,F008,C201,36,2,2,34,32,2027-01-01,1.00
FI001703,F008,C203,44,0,4,44,40,2027-01-01,1.90
FI001704,F008,C208,148,8,8,140,132,2027-01-01,4.15
FI001705,F008,C209,152,4,8,148,140,2027-01-01,4.60
FI001706,F008,C212,148,8,8,140,132,2027-01-01,5.95
FI001707,F008,C214,96,8,8,88,80,2027-01-01,6.85
FI001708,F008,C215,16,1,2,15,13,2027-01-01,7.30
FI001709,F008,C217,15,2,2,13,11,2027-01-01,8.20
FI001710,F008,C218,29,0,2,29,27,2027-01-01,8.65
FI001711,F008,C221,64,0,8,64,56,2027-01-01,10.00
FI001712,F008,C222,32,1,2,31,29,2027-01-01,10.45
FI001713,F008,C223,39,2,2,37,35,2027-01-01,10.90
FI001714,F008,C224,32,0,4,32,28,2027-01-01,11.35
FI001715,F008,C226,52,4,4,48,44,2027-01-01,12.25
FI001716,F008,C230,68,0,4,68,64,2027-01-01,14.05
FI001717,F008,C231,18,1,2,17,15,2027-01-01,14.50
FI001718,F008,C233,0,0,0,0,0,2027-01-01,15.40
FI001719,F008,C240,78,0,4,78,74,2027-01-01,18.55
FI001720,F008,C244,33,2,2,31,29,2027-01-01,20.35
FI001721,F008,C247,74,4,4,70,66,2027-01-01,21.70
FI001722,F008,C249,96,0,8,96,88,2027-01-01,22.60
FI001723,F008,C255,21,0,2,21,19,2027-01-01,2.80
FI001724,F008,C257,14,2,2,12,10,2027-01-01,3.70
FI001725,F008,C258,40,2,4,38,34,2027-01-01,4.15
FI001726,F008,C261,32,4,4,28,24,2027-01-01,5.50
FI001727,F008,C262,29,1,2,28,26,2027-01-01,5.95
FI001728,F008,C264,36,2,4,34,30,2027-01-01,6.85
FI001729,F008,C267,15,2,2,13,11,2027-01-01,8.20
FI001730,F008,C272,0,0,0,0,0,2027-01-01,10.45
FI001731,F008,C273,0,0,0,0,0,2027-01-01,10.90
FI001732,F008,C275,16,1,2,15,13,2027-01-01,11.80
FI001733,F008,C277,0,0,0,0,0,2027-01-01,12.70
FI001734,F008,C278,42,0,4,42,38,2027-01-01,13.15
FI001735,F008,C279,31,2,2,29,27,2027-01-01,13.60
FI001736,F008,C280,80,8,8,72,64,2027-01-01,14.05
FI001737,F008,C281,38,2,2,36,34,2027-01-01,14.50
FI001738,F008,C282,25,2,2,23,21,2027-01-01,14.95
FI001739,F008,C283,40,1,2,39,37,2027-01-01,15.40
FI001740,F008,C287,56,8,8,48,40,2027-01-01,17.20
FI001741,F008,C289,60,0,8,60,52,2027-01-01,18.10
FI001742,F008,C290,12,1,2,11,9,2027-01-01,18.55
FI001743,F008,C291,35,2,2,33,31,2027-01-01,19.00
FI001744,F008,C292,96,0,8,96,88,2027-01-01,19.45
FI001745,F008,C296,62,2,4,60,56,2027-01-01,21.25
FI001746,F008,C297,34,1,2,33,31,2027-01-01,21.70
FI001747,F008,C299,27,2,2,25,23,2027-01-01,22.60
FI001748,F008,C301,15,2,2,13,11,2027-01-01,1.00
FI001749,F008,C302,36,2,4,34,30,2027-01-01,1.45
FI001750,F008,C303,38,2,4,36,32,2027-01-01,1.90
FI001751,F008,C304,78,0,4,78,74,2027-01-01,2.35
FI001752,F008,C305,24,1,2,23,21,2027-01-01,2.80
FI001753,F008,C306,32,2,2,30,28,2027-01-01,3.25
FI001754,F008,C309,35,0,2,35,33,2027-01-01,4.60
FI001755,F008,C310,26,1,2,25,23,2027-01-01,5.05
FI001756,F008,C318,74,0,4,74,70,2027-01-01,8.65
FI001757,F008,C319,144,8,8,136,128,2027-01-01,9.10
FI001758,F008,C322,92,8,8,84,76,2027-01-01,10.45
FI001759,F008,C323,72,2,4,70,66,2027-01-01,10.90
FI001760,F008,C324,144,0,8,144,136,2027-01-01,11.35
FI001761,F008,C328,140,8,8,132,124,2027-01-01,13.15
FI001762,F008,C329,36,2,4,34,30,2027-01-01,13.60
FI001763,F008,C331,38,0,2,38,36,2027-01-01,14.50
FI001764,F008,C333,13,2,2,11,9,2027-01-01,15.40
FI001765,F008,C334,42,0,4,42,38,2027-01-01,15.85
FI001766,F008,C338,18,1,2,17,15,2027-01-01,17.65
FI001767,F008,C341,128,8,8,120,112,2027-01-01,19.00
FI001768,F008,C343,20,2,2,18,16,2027-01-01,19.90
FI001769,F008,C345,18,0,2,18,16,2027-01-01,20.80
FI001770,F008,C349,17,2,2,15,13,2027-01-01,22.60
FI001771,F008,C352,13,0,2,13,11,2027-01-01,1.45
FI001772,F008,C355,40,2,4,38,34,2027-01-01,2.80
FI001773,F008,C357,0,0,0,0,0,2027-01-01,3.70
FI001774,F008,C360,21,0,2,21,19,2027-01-01,5.05
FI001775,F008,C362,32,0,2,32,30,2027-01-01,5.95
FI001776,F008,C364,33,2,2,31,29,2027-01-01,6.85
FI001777,F008,C372,66,2,4,64,60,2027-01-01,10.45
FI001778,F008,C374,108,8,8,100,92,2027-01-01,11.35
FI001779,F008,C375,62,4,4,58,54,2027-01-01,11.80
FI001780,F008,C377,34,2,4,32,28,2027-01-01,12.70
FI001781,F008,C378,156,4,8,152,144,2027-01-01,13.15
FI001782,F008,C379,37,2,2,35,33,2027-01-01,13.60
FI001783,F008,C380,22,0,2,22,20,2027-01-01,14.05
FI001784,F008,C381,38,4,4,34,30,2027-01-01,14.50
FI001785,F008,C385,140,4,8,136,128,2027-01-01,16.30
FI001786,F008,C386,30,0,4,30,26,2027-01-01,16.75
FI001787,F008,C388,76,8,8,68,60,2027-01-01,17.65
FI001788,F008,C391,56,8,8,48,40,2027-01-01,19.00
FI001789,F008,C395,88,4,8,84,76,2027-01-01,20.80
FI001790,F008,C397,14,1,2,13,11,2027-01-01,21.70
FI001791,F008,C399,52,8,8,44,36,2027-01-01,22.60
FI001792,F008,C400,21,0,2,21,19,2027-01-01,23.05
FI001793,F008,C404,152,8,8,144,136,2027-01-01,2.35
FI001794,F008,C405,70,4,4,66,62,2027-01-01,2.80
FI001795,F008,C406,56,8,8,48,40,2027-01-01,3.25
FI001796,F008,C411,54,4,4,50,46,2027-01-01,5.50
FI001797,F008,C414,22,0,2,22,20,2027-01-01,6.85
FI001798,F008,C417,80,0,4,80,76,2027-01-01,8.20
FI001799,F008,C425,100,4,8,96,88,2027-01-01,11.80
FI001800,F008,C426,31,1,2,30,28,2027-01-01,12.25
FI001801,F008,C427,25,2,2,23,21,2027-01-01,12.70
FI001802,F008,C430,14,1,2,13,11,2027-01-01,14.05
FI001803,F008,C436,21,1,2,20,18,2027-01-01,16.75
FI001804,F008,C438,64,0,8,64,56,2027-01-01,17.65
FI001805,F008,C439,84,8,8,76,68,2027-01-01,18.10
FI001806,F008,C442,28,0,4,28,24,2027-01-01,19.45
FI001807,F008,C446,108,0,8,108,100,2027-01-01,21.25
FI001808,F008,C447,44,2,4,42,38,2027-01-01,21.70
FI001809,F008,C452,33,2,2,31,29,2027-01-01,1.45
FI001810,F008,C454,124,4,8,120,112,2027-01-01,2.35
FI001811,F008,C455,30,1,2,29,27,2027-01-01,2.80
FI001812,F008,C456,100,0,8,100,92,2027-01-01,3.25
FI001813,F008,C458,27,0,2,27,25,2027-01-01,4.15
FI001814,F008,C459,28,1,2,27,25,2027-01-01,4.60
FI001815,F008,C460,78,4,4,74,70,2027-01-01,5.05
FI001816,F008,C469,62,0,4,62,58,2027-01-01,9.10
FI001817,F008,C471,124,0,8,124,116,2027-01-01,10.00
FI001818,F008,C473,104,0,8,104,96,2027-01-01,10.90
FI001819,F008,C475,44,0,4,44,40,2027-01-01,11.80
FI001820,F008,C476,100,0,8,100,92,2027-01-01,12.25
FI001821,F008,C477,104,8,8,96,88,2027-01-01,12.70
FI001822,F008,C485,32,1,2,31,29,2027-01-01,16.30
FI001823,F008,C486,19,0,2,19,17,2027-01-01,16.75
FI001824,F008,C487,22,0,2,22,20,2027-01-01,17.20
FI001825,F008,C489,32,2,2,30,28,2027-01-01,18.10
FI001826,F008,C490,13,1,2,12,10,2027-01-01,18.55
FI001827,F008,C491,12,0,2,12,10,2027-01-01,19.00
FI001828,F008,C493,46,4,4,42,38,2027-01-01,19.90
FI001829,F009,C001,128,8,8,120,112,2027-01-01,1.00
FI001830,F009,C002,100,4,8,96,88,2027-01-01,1.45
FI001831,F009,C003,37,0,2,37,35,2027-01-01,1.90
FI001832,F009,C004,60,4,8,56,48,2027-01-01,2.35
FI001833,F009,C005,104,8,8,96,88,2027-01-01,2.80
FI001834,F009,C006,124,0,8,124,116,2027-01-01,3.25
FI001835,F009,C007,34,2,4,32,28,2027-01-01,3.70
FI001836,F009,C008,152,8,8,144,136,2027-01-01,4.15
FI001837,F009,C009,80,4,8,76,68,2027-01-01,4.60
FI001838,F009,C010,96,8,8,88,80,2027-01-01,5.05
FI001839,F009,C011,31,1,2,30,28,2027-01-01,5.50
FI001840,F009,C012,132,4,8,128,120,2027-01-01,5.95
FI001841,F009,C013,68,4,8,64,56,2027-01-01,6.40
FI001842,F009,C014,160,0,8,160,152,2027-01-01,6.85
FI001843,F009,C015,50,4,4,46,42,2027-01-01,7.30
FI001844,F009,C016,30,0,4,30,26,2027-01-01,7.75
FI001845,F009,C017,104,4,8,100,92,2027-01-01,8.20
FI001846,F009,C018,84,0,8,84,76,2027-01-01,8.65
FI001847,F009,C019,20,0,2,20,18,2027-01-01,9.10
FI001848,F009,C020,70,2,4,68,64,2027-01-01,9.55
FI001849,F009,C021,58,4,4,54,50,2027-01-01,10.00
FI001850,F009,C022,132,0,8,132,124,2027-01-01,10.45
FI001851,F009,C023,104,4,8,100,92,2027-01-01,10.90
FI001852,F009,C024,128,0,8,128,120,2027-01-01,11.35
FI001853,F009,C026,39,1,2,38,36,2027-01-01,12.25
FI001854,F009,C029,28,2,4,26,22,2027-01-01,13.60
FI001855,F009,C030,104,4,8,100,92,2027-01-01,14.05
FI001856,F009,C031,40,0,4,40,36,2027-01-01,14.50
FI001857,F009,C033,148,8,8,140,132,2027-01-01,15.40
FI001858,F009,C037,72,8,8,64,56,2027-01-01,17.20
FI001859,F009,C038,39,1,2,38,36,2027-01-01,17.65
FI001860,F009,C044,22,2,2,20,18,2027-01-01,20.35
FI001861,F009,C045,52,4,8,48,40,2027-01-01,20.80
FI001862,F009,C046,34,0,2,34,32,2027-01-01,21.25
FI001863,F009,C049,44,4,4,40,36,2027-01-01,22.60
FI001864,F009,C050,66,0,4,66,62,2027-01-01,23.05
FI001865,F009,C051,28,1,2,27,25,2027-01-01,1.00
FI001866,F009,C053,36,0,4,36,32,2027-01-01,1.90
FI001867,F009,C054,54,4,4,50,46,2027-01-01,2.35
FI001868,F009,C056,52,0,4,52,48,2027-01-01,3.25
FI001869,F009,C058,28,1,2,27,25,2027-01-01,4.15
FI001870,F009,C059,152,8,8,144,136,2027-01-01,4.60
FI001871,F009,C061,24,0,2,24,22,2027-01-01,5.50
FI001872,F009,C064,21,1,2,20,18,2027-01-01,6.85
FI001873,F009,C067,42,2,4,40,36,2027-01-01,8.20
FI001874,F009,C069,14,2,2,12,10,2027-01-01,9.10
FI001875,F009,C072,36,4,4,32,28,2027-01-01,10.45
FI001876,F009,C073,31,0,2,31,29,2027-01-01,10.90
FI001877,F009,C074,30,0,2,30,28,2027-01-01,11.35
FI001878,F009,C076,72,0,8,72,64,2027-01-01,12.25
FI001879,F009,C084,56,2,4,54,50,2027-01-01,15.85
FI001880,F009,C086,136,4,8,132,124,2027-01-01,16.75
FI001881,F009,C089,28,2,2,26,24,2027-01-01,18.10
FI001882,F009,C096,13,2,2,11,9,2027-01-01,21.25
FI001883,F009,C101,25,2,2,23,21,2027-01-01,1.00
FI001884,F009,C102,24,1,2,23,21,2027-01-01,1.45
FI001885,F009,C103,104,8,8,96,88,2027-01-01,1.90
FI001886,F009,C104,34,2,2,32,30,2027-01-01,2.35
FI001887,F009,C106,37,1,2,36,34,2027-01-01,3.25
FI001888,F009,C108,20,1,2,19,17,2027-01-01,4.15
FI001889,F009,C109,39,0,2,39,37,2027-01-01,4.60
FI001890,F009,C110,68,4,4,64,60,2027-01-01,5.05
FI001891,F009,C111,25,2,2,23,21,2027-01-01,5.50
FI001892,F009,C112,36,0,2,36,34,2027-01-01,5.95
FI001893,F009,C113,74,0,4,74,70,2027-01-01,6.40
FI001894,F009,C114,30,1,2,29,27,2027-01-01,6.85
FI001895,F009,C116,30,1,2,29,27,2027-01-01,7.75
FI001896,F009,C119,21,0,2,21,19,2027-01-01,9.10
FI001897,F009,C123,35,1,2,34,32,2027-01-01,10.90
FI001898,F009,C125,36,1,2,35,33,2027-01-01,11.80
FI001899,F009,C128,28,1,2,27,25,2027-01-01,13.15
FI001900,F009,C129,28,0,2,28,26,2027-01-01,13.60
FI001901,F009,C130,34,1,2,33,31,2027-01-01,14.05
FI001902,F009,C132,136,0,8,136,128,2027-01-01,14.95
FI001903,F009,C133,36,2,2,34,32,2027-01-01,15.40
FI001904,F009,C136,140,0,8,140,132,2027-01-01,16.75
FI001905,F009,C137,148,8,8,140,132,2027-01-01,17.20
FI001906,F009,C138,62,0,4,62,58,2027-01-01,17.65
FI001907,F009,C139,0,0,0,0,0,2027-01-01,18.10
FI001908,F009,C140,112,8,8,104,96,2027-01-01,18.55
FI001909,F009,C142,48,4,8,44,36,2027-01-01,19.45
FI001910,F009,C146,44,2,4,42,38,2027-01-01,21.25
FI001911,F009,C147,19,2,2,17,15,2027-01-01,21.70
FI001912,F009,C148,148,8,8,140,132,2027-01-01,22.15
FI001913,F009,C150,88,4,8,84,76,2027-01-01,23.05
FI001914,F009,C153,80,8,8,72,64,2027-01-01,1.90
FI001915,F009,C156,35,1,2,34,32,2027-01-01,3.25
FI001916,F009,C157,15,0,2,15,13,2027-01-01,3.70
FI001917,F009,C161,16,1,2,15,13,2027-01-01,5.50
FI001918,F009,C162,96,4,8,92,84,2027-01-01,5.95
FI001919,F009,C163,27,0,2,27,25,2027-01-01,6.40
FI001920,F009,C164,42,2,4,40,36,2027-01-01,6.85
FI001921,F009,C165,78,0,4,78,74,2027-01-01,7.30
FI001922,F009,C166,18,1,2,17,15,2027-01-01,7.75
FI001923,F009,C169,26,2,2,24,22,2027-01-01,9.10
FI001924,F009,C170,40,1,2,39,37,2027-01-01,9.55
FI001925,F009,C178,28,1,2,27,25,2027-01-01,13.15
FI001926,F009,C180,39,2,2,37,35,2027-01-01,14.05
FI001927,F009,C185,34,0,2,34,32,2027-01-01,16.30
FI001928,F009,C189,30,4,4,26,22,2027-01-01,18.10
FI001929,F009,C192,112,0,8,112,104,2027-01-01,19.45
FI001930,F009,C196,46,2,4,44,40,2027-01-01,21.25
FI001931,F009,C197,32,4,4,28,24,2027-01-01,21.70
FI001932,F009,C199,104,0,8,104,96,2027-01-01,22.60
FI001933,F009,C202,52,2,4,50,46,2027-01-01,1.45
FI001934,F009,C203,104,0,8,104,96,2027-01-01,1.90
FI001935,F009,C207,78,2,4,76,72,2027-01-01,3.70
FI001936,F009,C210,0,0,0,0,0,2027-01-01,5.05
FI001937,F009,C213,40,0,2,40,38,2027-01-01,6.40
FI001938,F009,C214,88,0,8,88,80,2027-01-01,6.85
FI001939,F009,C216,27,2,2,25,23,2027-01-01,7.75
FI001940,F009,C217,66,0,4,66,62,2027-01-01,8.20
FI001941,F009,C218,0,0,0,0,0,2027-01-01,8.65
FI001942,F009,C219,19,0,2,19,17,2027-01-01,9.10
FI001943,F009,C221,37,0,2,37,35,2027-01-01,10.00
FI001944,F009,C223,58,0,4,58,54,2027-01-01,10.90
FI001945,F009,C225,104,0,8,104,96,2027-01-01,11.80
FI001946,F009,C227,48,0,4,48,44,2027-01-01,12.70
FI001947,F009,C228,78,4,4,74,70,2027-01-01,13.15
FI001948,F009,C231,38,2,4,36,32,2027-01-01,14.50
FI001949,F009,C234,29,2,2,27,25,2027-01-01,15.85
FI001950,F009,C235,33,0,2,33,31,2027-01-01,16.30
FI001951,F009,C240,16,0,2,16,14,2027-01-01,18.55
FI001952,F009,C241,32,0,4,32,28,2027-01-01,19.00
FI001953,F009,C243,48,0,8,48,40,2027-01-01,19.90
FI001954,F009,C245,78,0,4,78,74,2027-01-01,20.80
FI001955,F009,C249,160,8,8,152,144,2027-01-01,22.60
FI001956,F009,C251,32,2,2,30,28,2027-01-01,1.00
FI001957,F009,C254,18,2,2,16,14,2027-01-01,2.35
FI001958,F009,C261,84,4,8,80,72,2027-01-01,5.50
FI001959,F009,C263,32,0,4,32,28,2027-01-01,6.40
FI001960,F009,C264,24,4,4,20,16,2027-01-01,6.85
FI001961,F009,C265,54,4,4,50,46,2027-01-01,7.30
FI001962,F009,C267,17,2,2,15,13,2027-01-01,8.20
FI001963,F009,C269,58,4,4,54,50,2027-01-01,9.10
FI001964,F009,C271,0,0,0,0,0,2027-01-01,10.00
FI001965,F009,C274,21,1,2,20,18,2027-01-01,11.35
FI001966,F009,C276,32,2,2,30,28,2027-01-01,12.25
FI001967,F009,C277,108,8,8,100,92,2027-01-01,12.70
FI001968,F009,C278,28,4,4,24,20,2027-01-01,13.15
FI001969,F009,C282,56,4,4,52,48,2027-01-01,14.95
FI001970,F009,C285,37,2,2,35,33,2027-01-01,16.30
FI001971,F009,C286,19,2,2,17,15,2027-01-01,16.75
FI001972,F009,C287,21,0,2,21,19,2027-01-01,17.20
FI001973,F009,C290,16,0,2,16,14,2027-01-01,18.55
FI001974,F009,C291,36,4,4,32,28,2027-01-01,19.00
FI001975,F009,C293,37,0,2,37,35,2027-01-01,19.90
FI001976,F009,C294,60,8,8,52,44,2027-01-01,20.35
FI001977,F009,C295,152,8,8,144,136,2027-01-01,20.80
FI001978,F009,C298,16,0,2,16,14,2027-01-01,22.15
FI001979,F009,C300,50,0,4,50,46,2027-01-01,23.05
FI001980,F009,C301,23,1,2,22,20,2027-01-01,1.00
FI001981,F009,C302,54,2,4,52,48,2027-01-01,1.45
FI001982,F009,C304,76,0,8,76,68,2027-01-01,2.35
FI001983,F009,C307,80,2,4,78,74,2027-01-01,3.70
FI001984,F009,C308,52,8,8,44,36,2027-01-01,4.15
FI001985,F009,C314,24,1,2,23,21,2027-01-01,6.85
FI001986,F009,C316,0,0,0,0,0,2027-01-01,7.75
FI001987,F009,C318,23,2,2,21,19,2027-01-01,8.65
FI001988,F009,C329,48,4,4,44,40,2027-01-01,13.60
FI001989,F009,C332,24,1,2,23,21,2027-01-01,14.95
FI001990,F009,C333,37,0,2,37,35,2027-01-01,15.40
FI001991,F009,C342,33,0,2,33,31,2027-01-01,19.45
FI001992,F009,C346,124,4,8,120,112,2027-01-01,21.25
FI001993,F009,C349,64,0,4,64,60,2027-01-01,22.60
FI001994,F009,C352,68,4,4,64,60,2027-01-01,1.45
FI001995,F009,C353,78,4,4,74,70,2027-01-01,1.90
FI001996,F009,C356,58,0,4,58,54,2027-01-01,3.25
FI001997,F009,C362,17,2,2,15,13,2027-01-01,5.95
FI001998,F009,C365,21,1,2,20,18,2027-01-01,7.30
FI001999,F009,C367,112,0,8,112,104,2027-01-01,8.20
FI002000,F009,C369,140,8,8,132,124,2027-01-01,9.10
FI002001,F009,C370,36,1,2,35,33,2027-01-01,9.55
FI002002,F009,C371,52,4,4,48,44,2027-01-01,10.00
FI002003,F009,C372,78,0,4,78,74,2027-01-01,10.45
FI002004,F009,C375,136,4,8,132,124,2027-01-01,11.80
FI002005,F009,C380,24,2,4,22,18,2027-01-01,14.05
FI002006,F009,C381,38,0,2,38,36,2027-01-01,14.50
FI002007,F009,C382,22,1,2,21,19,2027-01-01,14.95
FI002008,F009,C383,0,0,0,0,0,2027-01-01,15.40
FI002009,F009,C384,38,1,2,37,35,2027-01-01,15.85
FI002010,F009,C385,37,2,2,35,33,2027-01-01,16.30
FI002011,F009,C388,24,1,2,23,21,2027-01-01,17.65
FI002012,F009,C389,23,1,2,22,20,2027-01-01,18.10
FI002013,F009,C390,30,1,2,29,27,2027-01-01,18.55
FI002014,F009,C391,34,1,2,33,31,2027-01-01,19.00
FI002015,F009,C393,14,2,2,12,10,2027-01-01,19.90
FI002016,F009,C394,124,8,8,116,108,2027-01-01,20.35
FI002017,F009,C395,62,4,4,58,54,2027-01-01,20.80
FI002018,F009,C399,0,0,0,0,0,2027-01-01,22.60
FI002019,F009,C400,36,0,2,36,34,2027-01-01,23.05
FI002020,F009,C405,31,2,2,29,27,2027-01-01,2.80
FI002021,F009,C406,42,4,4,38,34,2027-01-01,3.25
FI002022,F009,C408,28,0,2,28,26,2027-01-01,4.15
FI002023,F009,C409,23,1,2,22,20,2027-01-01,4.60
FI002024,F009,C414,70,2,4,68,64,2027-01-01,6.85
FI002025,F009,C416,40,0,2,40,38,2027-01-01,7.75
FI002026,F009,C419,28,4,4,24,20,2027-01-01,9.10
FI002027,F009,C420,72,2,4,70,66,2027-01-01,9.55
FI002028,F009,C423,72,4,4,68,64,2027-01-01,10.90
FI002029,F009,C429,58,4,4,54,50,2027-01-01,13.60
FI002030,F009,C434,21,1,2,20,18,2027-01-01,15.85
FI002031,F009,C435,16,1,2,15,13,2027-01-01,16.30
FI002032,F009,C437,39,2,2,37,35,2027-01-01,17.20
FI002033,F009,C441,64,0,4,64,60,2027-01-01,19.00
FI002034,F009,C444,20,1,2,19,17,2027-01-01,20.35
FI002035,F009,C446,46,0,4,46,42,2027-01-01,21.25
FI002036,F009,C455,23,2,2,21,19,2027-01-01,2.80
FI002037,F009,C457,32,0,2,32,30,2027-01-01,3.70
FI002038,F009,C458,108,8,8,100,92,2027-01-01,4.15
FI002039,F009,C460,56,2,4,54,50,2027-01-01,5.05
FI002040,F009,C461,33,1,2,32,30,2027-01-01,5.50
FI002041,F009,C463,152,4,8,148,140,2027-01-01,6.40
FI002042,F009,C465,152,8,8,144,136,2027-01-01,7.30
FI002043,F009,C469,29,2,2,27,25,2027-01-01,9.10
FI002044,F009,C470,148,0,8,148,140,2027-01-01,9.55
FI002045,F009,C472,17,1,2,16,14,2027-01-01,10.45
FI002046,F009,C476,128,0,8,128,120,2027-01-01,12.25
FI002047,F009,C480,66,2,4,64,60,2027-01-01,14.05
FI002048,F009,C481,21,0,2,21,19,2027-01-01,14.50
FI002049,F009,C482,0,0,0,0,0,2027-01-01,14.95
FI002050,F009,C485,76,2,4,74,70,2027-01-01,16.30
FI002051,F009,C489,14,2,2,12,10,2027-01-01,18.10
FI002052,F009,C493,30,2,2,28,26,2027-01-01,19.90
FI002053,F009,C495,80,0,4,80,76,2027-01-01,20.80
FI002054,F009,C500,0,0,0,0,0,2027-01-01,23.05
FI002055,F010,C001,0,0,0,0,0,2027-01-01,1.00
FI002056,F010,C002,66,0,4,66,62,2027-01-01,1.45
FI002057,F010,C003,44,2,4,42,38,2027-01-01,1.90
FI002058,F010,C004,66,2,4,64,60,2027-01-01,2.35
FI002059,F010,C005,136,8,8,128,120,2027-01-01,2.80
FI002060,F010,C006,116,8,8,108,100,2027-01-01,3.25
FI002061,F010,C007,42,0,4,42,38,2027-01-01,3.70
FI002062,F010,C008,24,4,4,20,16,2027-01-01,4.15
FI002063,F010,C009,104,0,8,104,96,2027-01-01,4.60
FI002064,F010,C010,48,4,8,44,36,2027-01-01,5.05
FI002065,F010,C011,34,4,4,30,26,2027-01-01,5.50
FI002066,F010,C012,68,8,8,60,52,2027-01-01,5.95
FI002067,F010,C013,42,0,4,42,38,2027-01-01,6.40
FI002068,F010,C014,160,0,8,160,152,2027-01-01,6.85
FI002069,F010,C015,72,4,8,68,60,2027-01-01,7.30
FI002070,F010,C016,152,8,8,144,136,2027-01-01,7.75
FI002071,F010,C017,76,8,8,68,60,2027-01-01,8.20
FI002072,F010,C018,60,8,8,52,44,2027-01-01,8.65
FI002073,F010,C020,72,0,8,72,64,2027-01-01,9.55
FI002074,F010,C021,0,0,0,0,0,2027-01-01,10.00
FI002075,F010,C022,64,8,8,56,48,2027-01-01,10.45
FI002076,F010,C023,68,8,8,60,52,2027-01-01,10.90
FI002077,F010,C024,23,1,2,22,20,2027-01-01,11.35
FI002078,F010,C027,25,2,2,23,21,2027-01-01,12.70
FI002079,F010,C029,160,0,8,160,152,2027-01-01,13.60
FI002080,F010,C030,128,8,8,120,112,2027-01-01,14.05
FI002081,F010,C033,26,0,4,26,22,2027-01-01,15.40
FI002082,F010,C037,74,4,4,70,66,2027-01-01,17.20
FI002083,F010,C038,13,2,2,11,9,2027-01-01,17.65
FI002084,F010,C040,74,4,4,70,66,2027-01-01,18.55
FI002085,F010,C041,62,0,4,62,58,2027-01-01,19.00
FI002086,F010,C043,18,2,2,16,14,2027-01-01,19.90
FI002087,F010,C045,80,4,8,76,68,2027-01-01,20.80
FI002088,F010,C048,24,1,2,23,21,2027-01-01,22.15
FI002089,F010,C049,116,8,8,108,100,2027-01-01,22.60
FI002090,F010,C050,140,0,8,140,132,2027-01-01,23.05
FI002091,F010,C053,92,0,8,92,84,2027-01-01,1.90
FI002092,F010,C058,72,4,4,68,64,2027-01-01,4.15
FI002093,F010,C062,88,8,8,80,72,2027-01-01,5.95
FI002094,F010,C065,58,0,4,58,54,2027-01-01,7.30
FI002095,F010,C068,68,8,8,60,52,2027-01-01,8.65
FI002096,F010,C071,96,0,8,96,88,2027-01-01,10.00
FI002097,F010,C073,88,4,8,84,76,2027-01-01,10.90
FI002098,F010,C076,140,0,8,140,132,2027-01-01,12.25
FI002099,F010,C078,36,4,4,32,28,2027-01-01,13.15
FI002100,F010,C081,27,0,2,27,25,2027-01-01,14.50
FI002101,F010,C082,21,1,2,20,18,2027-01-01,14.95
FI002102,F010,C084,64,4,4,60,56,2027-01-01,15.85
FI002103,F010,C085,30,2,2,28,26,2027-01-01,16.30
FI002104,F010,C087,104,4,8,100,92,2027-01-01,17.20
FI002105,F010,C090,23,0,2,23,21,2027-01-01,18.55
FI002106,F010,C091,52,4,4,48,44,2027-01-01,19.00
FI002107,F010,C093,15,0,2,15,13,2027-01-01,19.90
FI002108,F010,C094,64,0,4,64,60,2027-01-01,20.35
FI002109,F010,C097,128,8,8,120,112,2027-01-01,21.70
FI002110,F010,C101,16,0,2,16,14,2027-01-01,1.00
FI002111,F010,C104,14,1,2,13,11,2027-01-01,2.35
FI002112,F010,C105,33,0,2,33,31,2027-01-01,2.80
FI002113,F010,C106,24,0,4,24,20,2027-01-01,3.25
FI002114,F010,C107,39,1,2,38,36,2027-01-01,3.70
FI002115,F010,C112,116,0,8,116,108,2027-01-01,5.95
FI002116,F010,C113,38,1,2,37,35,2027-01-01,6.40
FI002117,F010,C115,22,2,2,20,18,2027-01-01,7.30
FI002118,F010,C118,132,8,8,124,116,2027-01-01,8.65
FI002119,F010,C122,34,0,2,34,32,2027-01-01,10.45
FI002120,F010,C123,58,2,4,56,52,2027-01-01,10.90
FI002121,F010,C128,136,8,8,128,120,2027-01-01,13.15
FI002122,F010,C130,25,0,2,25,23,2027-01-01,14.05
FI002123,F010,C131,34,1,2,33,31,2027-01-01,14.50
FI002124,F010,C133,78,4,4,74,70,2027-01-01,15.40
FI002125,F010,C135,72,2,4,70,66,2027-01-01,16.30
FI002126,F010,C143,17,1,2,16,14,2027-01-01,19.90
FI002127,F010,C145,32,4,4,28,24,2027-01-01,20.80
FI002128,F010,C148,70,2,4,68,64,2027-01-01,22.15
FI002129,F010,C152,34,4,4,30,26,2027-01-01,1.45
FI002130,F010,C153,68,0,4,68,64,2027-01-01,1.90
FI002131,F010,C156,39,0,2,39,37,2027-01-01,3.25
FI002132,F010,C157,28,0,4,28,24,2027-01-01,3.70
FI002133,F010,C158,42,0,4,42,38,2027-01-01,4.15
FI002134,F010,C161,30,0,4,30,26,2027-01-01,5.50
FI002135,F010,C162,136,8,8,128,120,2027-01-01,5.95
FI002136,F010,C170,120,8,8,112,104,2027-01-01,9.55
FI002137,F010,C171,36,0,2,36,34,2027-01-01,10.00
FI002138,F010,C176,16,1,2,15,13,2027-01-01,12.25
FI002139,F010,C177,30,2,4,28,24,2027-01-01,12.70
FI002140,F010,C185,0,0,0,0,0,2027-01-01,16.30
FI002141,F010,C189,35,0,2,35,33,2027-01-01,18.10
FI002142,F010,C195,30,0,2,30,28,2027-01-01,20.80
FI002143,F010,C199,64,2,4,62,58,2027-01-01,22.60
FI002144,F010,C200,100,0,8,100,92,2027-01-01,23.05
FI002145,F010,C203,29,2,2,27,25,2027-01-01,1.90
FI002146,F010,C204,50,4,4,46,42,2027-01-01,2.35
FI002147,F010,C206,22,1,2,21,19,2027-01-01,3.25
FI002148,F010,C208,19,0,2,19,17,2027-01-01,4.15
FI002149,F010,C210,24,4,4,20,16,2027-01-01,5.05
FI002150,F010,C212,62,0,4,62,58,2027-01-01,5.95
FI002151,F010,C213,22,2,2,20,18,2027-01-01,6.40
FI002152,F010,C215,22,1,2,21,19,2027-01-01,7.30
FI002153,F010,C216,78,4,4,74,70,2027-01-01,7.75
FI002154,F010,C217,26,2,2,24,22,2027-01-01,8.20
FI002155,F010,C219,23,2,2,21,19,2027-01-01,9.10
FI002156,F010,C221,54,0,4,54,50,2027-01-01,10.00
FI002157,F010,C225,70,4,4,66,62,2027-01-01,11.80
FI002158,F010,C229,160,0,8,160,152,2027-01-01,13.60
FI002159,F010,C230,52,4,4,48,44,2027-01-01,14.05
FI002160,F010,C232,60,8,8,52,44,2027-01-01,14.95
FI002161,F010,C234,19,1,2,18,16,2027-01-01,15.85
FI002162,F010,C237,54,4,4,50,46,2027-01-01,17.20
FI002163,F010,C238,31,0,2,31,29,2027-01-01,17.65
FI002164,F010,C240,30,0,2,30,28,2027-01-01,18.55
FI002165,F010,C241,39,2,2,37,35,2027-01-01,19.00
FI002166,F010,C247,20,1,2,19,17,2027-01-01,21.70
FI002167,F010,C248,76,8,8,68,60,2027-01-01,22.15
FI002168,F010,C250,32,2,4,30,26,2027-01-01,23.05
FI002169,F010,C251,64,4,8,60,52,2027-01-01,1.00
FI002170,F010,C253,74,2,4,72,68,2027-01-01,1.90
FI002171,F010,C254,46,2,4,44,40,2027-01-01,2.35
FI002172,F010,C257,22,1,2,21,19,2027-01-01,3.70
FI002173,F010,C259,64,8,8,56,48,2027-01-01,4.60
FI002174,F010,C262,20,0,2,20,18,2027-01-01,5.95
FI002175,F010,C263,60,4,4,56,52,2027-01-01,6.40
FI002176,F010,C264,0,0,0,0,0,2027-01-01,6.85
FI002177,F010,C271,60,0,4,60,56,2027-01-01,10.00
FI002178,F010,C275,19,1,2,18,16,2027-01-01,11.80
FI002179,F010,C276,34,0,2,34,32,2027-01-01,12.25
FI002180,F010,C279,33,0,2,33,31,2027-01-01,13.60
FI002181,F010,C287,108,0,8,108,100,2027-01-01,17.20
FI002182,F010,C292,124,8,8,116,108,2027-01-01,19.45
FI002183,F010,C293,76,0,4,76,72,2027-01-01,19.90
FI002184,F010,C294,44,4,4,40,36,2027-01-01,20.35
FI002185,F010,C295,12,1,2,11,9,2027-01-01,20.80
FI002186,F010,C296,36,4,4,32,28,2027-01-01,21.25
FI002187,F010,C297,92,8,8,84,76,2027-01-01,21.70
FI002188,F010,C298,74,4,4,70,66,2027-01-01,22.15
FI002189,F010,C299,38,2,4,36,32,2027-01-01,22.60
FI002190,F010,C301,48,4,4,44,40,2027-01-01,1.00
FI002191,F010,C303,140,4,8,136,128,2027-01-01,1.90
FI002192,F010,C304,12,2,2,10,8,2027-01-01,2.35
FI002193,F010,C307,36,2,2,34,32,2027-01-01,3.70
FI002194,F010,C312,84,4,8,80,72,2027-01-01,5.95
FI002195,F010,C313,116,4,8,112,104,2027-01-01,6.40
FI002196,F010,C315,112,4,8,108,100,2027-01-01,7.30
FI002197,F010,C318,34,0,4,34,30,2027-01-01,8.65
FI002198,F010,C319,31,0,2,31,29,2027-01-01,9.10
FI002199,F010,C320,39,2,2,37,35,2027-01-01,9.55
FI002200,F010,C321,25,1,2,24,22,2027-01-01,10.00
FI002201,F010,C323,39,1,2,38,36,2027-01-01,10.90
FI002202,F010,C324,13,1,2,12,10,2027-01-01,11.35
FI002203,F010,C328,48,4,8,44,36,2027-01-01,13.15
FI002204,F010,C335,144,4,8,140,132,2027-01-01,16.30
FI002205,F010,C337,48,8,8,40,32,2027-01-01,17.20
FI002206,F010,C339,76,4,8,72,64,2027-01-01,18.10
FI002207,F010,C346,27,2,2,25,23,2027-01-01,21.25
FI002208,F010,C347,124,0,8,124,116,2027-01-01,21.70
FI002209,F010,C349,48,0,8,48,40,2027-01-01,22.60
FI002210,F010,C352,29,0,2,29,27,2027-01-01,1.45
FI002211,F010,C353,36,2,4,34,30,2027-01-01,1.90
FI002212,F010,C355,14,2,2,12,10,2027-01-01,2.80
FI002213,F010,C357,16,1,2,15,13,2027-01-01,3.70
FI002214,F010,C358,14,0,2,14,12,2027-01-01,4.15
FI002215,F010,C359,38,0,2,38,36,2027-01-01,4.60
FI002216,F010,C361,44,2,4,42,38,2027-01-01,5.50
FI002217,F010,C362,56,4,8,52,44,2027-01-01,5.95
FI002218,F010,C365,36,2,2,34,32,2027-01-01,7.30
FI002219,F010,C371,76,8,8,68,60,2027-01-01,10.00
FI002220,F010,C372,24,2,2,22,20,2027-01-01,10.45
FI002221,F010,C374,46,4,4,42,38,2027-01-01,11.35
FI002222,F010,C375,148,0,8,148,140,2027-01-01,11.80
FI002223,F010,C381,24,0,2,24,22,2027-01-01,14.50
FI002224,F010,C384,64,2,4,62,58,2027-01-01,15.85
FI002225,F010,C385,23,1,2,22,20,2027-01-01,16.30
FI002226,F010,C387,0,0,0,0,0,2027-01-01,17.20
FI002227,F010,C389,14,1,2,13,11,2027-01-01,18.10
FI002228,F010,C390,116,0,8,116,108,2027-01-01,18.55
FI002229,F010,C391,26,1,2,25,23,2027-01-01,19.00
FI002230,F010,C393,104,8,8,96,88,2027-01-01,19.90
FI002231,F010,C395,17,1,2,16,14,2027-01-01,20.80
FI002232,F010,C396,50,0,4,50,46,2027-01-01,21.25
FI002233,F010,C398,148,8,8,140,132,2027-01-01,22.15
FI002234,F010,C399,31,0,2,31,29,2027-01-01,22.60
FI002235,F010,C400,48,0,4,48,44,2027-01-01,23.05
FI002236,F010,C401,29,0,2,29,27,2027-01-01,1.00
FI002237,F010,C402,23,1,2,22,20,2027-01-01,1.45
FI002238,F010,C406,28,4,4,24,20,2027-01-01,3.25
FI002239,F010,C408,14,0,2,14,12,2027-01-01,4.15
FI002240,F010,C409,13,2,2,11,9,2027-01-01,4.60
FI002241,F010,C410,74,4,4,70,66,2027-01-01,5.05
FI002242,F010,C414,100,0,8,100,92,2027-01-01,6.85
FI002243,F010,C417,31,2,2,29,27,2027-01-01,8.20
FI002244,F010,C419,16,1,2,15,13,2027-01-01,9.10
FI002245,F010,C420,36,1,2,35,33,2027-01-01,9.55
FI002246,F010,C421,40,1,2,39,37,2027-01-01,10.00
FI002247,F010,C424,70,0,4,70,66,2027-01-01,11.35
FI002248,F010,C425,22,1,2,21,19,2027-01-01,11.80
FI002249,F010,C428,25,2,2,23,21,2027-01-01,13.15
FI002250,F010,C432,74,2,4,72,68,2027-01-01,14.95
FI002251,F010,C433,140,0,8,140,132,2027-01-01,15.40
FI002252,F010,C435,52,4,8,48,40,2027-01-01,16.30
FI002253,F010,C437,32,0,2,32,30,2027-01-01,17.20
FI002254,F010,C439,37,1,2,36,34,2027-01-01,18.10
FI002255,F010,C441,74,2,4,72,68,2027-01-01,19.00
FI002256,F010,C444,19,2,2,17,15,2027-01-01,20.35
FI002257,F010,C446,30,0,4,30,26,2027-01-01,21.25
FI002258,F010,C451,70,2,4,68,64,2027-01-01,1.00
FI002259,F010,C457,88,0,8,88,80,2027-01-01,3.70
FI002260,F010,C460,104,0,8,104,96,2027-01-01,5.05
FI002261,F010,C461,35,1,2,34,32,2027-01-01,5.50
FI002262,F010,C465,22,0,2,22,20,2027-01-01,7.30
FI002263,F010,C467,120,0,8,120,112,2027-01-01,8.20
FI002264,F010,C469,0,0,0,0,0,2027-01-01,9.10
FI002265,F010,C472,48,0,8,48,40,2027-01-01,10.45
FI002266,F010,C473,80,2,4,78,74,2027-01-01,10.90
FI002267,F010,C475,56,0,4,56,52,2027-01-01,11.80
FI002268,F010,C479,30,4,4,26,22,2027-01-01,13.60
FI002269,F010,C481,16,2,2,14,12,2027-01-01,14.50
FI002270,F010,C482,24,2,4,22,18,2027-01-01,14.95
FI002271,F010,C486,54,4,4,50,46,2027-01-01,16.75
FI002272,F010,C487,28,2,4,26,22,2027-01-01,17.20
FI002273,F010,C491,68,0,4,68,64,2027-01-01,19.00
FI002274,F010,C492,33,2,2,31,29,2027-01-01,19.45
FI002275,F010,C493,20,0,2,20,18,2027-01-01,19.90
FI002276,F010,C495,29,0,2,29,27,2027-01-01,20.80
FI002277,F010,C496,140,0,8,140,132,2027-01-01,21.25
FI002278,F010,C500,140,8,8,132,124,2027-01-01,23.05
FI002279,F011,C001,132,8,8,124,116,2027-01-01,1.00
FI002280,F011,C002,88,0,8,88,80,2027-01-01,1.45
FI002281,F011,C003,136,8,8,128,120,2027-01-01,1.90
FI002282,F011,C004,50,2,4,48,44,2027-01-01,2.35
FI002283,F011,C005,124,4,8,120,112,2027-01-01,2.80
FI002284,F011,C006,160,4,8,156,148,2027-01-01,3.25
FI002285,F011,C007,32,4,4,28,24,2027-01-01,3.70
FI002286,F011,C008,160,8,8,152,144,2027-01-01,4.15
FI002287,F011,C009,0,0,0,0,0,2027-01-01,4.60
FI002288,F011,C010,66,2,4,64,60,2027-01-01,5.05
FI002289,F011,C011,52,2,4,50,46,2027-01-01,5.50
FI002290,F011,C012,30,4,4,26,22,2027-01-01,5.95
FI002291,F011,C013,78,4,4,74,70,2027-01-01,6.40
FI002292,F011,C014,64,4,4,60,56,2027-01-01,6.85
FI002293,F011,C015,100,8,8,92,84,2027-01-01,7.30
FI002294,F011,C016,50,2,4,48,44,2027-01-01,7.75
FI002295,F011,C017,52,4,4,48,44,2027-01-01,8.20
FI002296,F011,C018,78,4,4,74,70,2027-01-01,8.65
FI002297,F011,C019,31,2,2,29,27,2027-01-01,9.10
FI002298,F011,C020,64,0,8,64,56,2027-01-01,9.55
FI002299,F011,C021,148,4,8,144,136,2027-01-01,10.00
FI002300,F011,C022,68,8,8,60,52,2027-01-01,10.45
FI002301,F011,C023,116,4,8,112,104,2027-01-01,10.90
FI002302,F011,C024,48,4,8,44,36,2027-01-01,11.35
FI002303,F011,C026,21,0,2,21,19,2027-01-01,12.25
FI002304,F011,C027,33,0,2,33,31,2027-01-01,12.70
FI002305,F011,C028,132,8,8,124,116,2027-01-01,13.15
FI002306,F011,C029,46,2,4,44,40,2027-01-01,13.60
FI002307,F011,C030,29,2,2,27,25,2027-01-01,14.05
FI002308,F011,C031,24,2,4,22,18,2027-01-01,14.50
FI002309,F011,C032,27,2,2,25,23,2027-01-01,14.95
FI002310,F011,C033,74,2,4,72,68,2027-01-01,15.40
FI002311,F011,C034,50,2,4,48,44,2027-01-01,15.85
FI002312,F011,C035,128,0,8,128,120,2027-01-01,16.30
FI002313,F011,C037,56,0,4,56,52,2027-01-01,17.20
FI002314,F011,C040,0,0,0,0,0,2027-01-01,18.55
FI002315,F011,C042,26,0,4,26,22,2027-01-01,19.45
FI002316,F011,C043,68,0,4,68,64,2027-01-01,19.90
FI002317,F011,C044,70,4,4,66,62,2027-01-01,20.35
FI002318,F011,C045,48,2,4,46,42,2027-01-01,20.80
FI002319,F011,C048,76,4,8,72,64,2027-01-01,22.15
FI002320,F011,C049,64,4,4,60,56,2027-01-01,22.60
FI002321,F011,C051,29,1,2,28,26,2027-01-01,1.00
FI002322,F011,C053,44,2,4,42,38,2027-01-01,1.90
FI002323,F011,C055,38,4,4,34,30,2027-01-01,2.80
FI002324,F011,C056,15,2,2,13,11,2027-01-01,3.25
FI002325,F011,C059,56,8,8,48,40,2027-01-01,4.60
FI002326,F011,C061,34,2,2,32,30,2027-01-01,5.50
FI002327,F011,C065,34,1,2,33,31,2027-01-01,7.30
FI002328,F011,C068,56,8,8,48,40,2027-01-01,8.65
FI002329,F011,C070,34,0,4,34,30,2027-01-01,9.55
FI002330,F011,C075,100,4,8,96,88,2027-01-01,11.80
FI002331,F011,C076,88,8,8,80,72,2027-01-01,12.25
FI002332,F011,C080,66,2,4,64,60,2027-01-01,14.05
FI002333,F011,C083,30,0,2,30,28,2027-01-01,15.40
FI002334,F011,C084,37,1,2,36,34,2027-01-01,15.85
FI002335,F011,C090,33,1,2,32,30,2027-01-01,18.55
FI002336,F011,C094,18,1,2,17,15,2027-01-01,20.35
FI002337,F011,C097,25,2,2,23,21,2027-01-01,21.70
FI002338,F011,C099,48,2,4,46,42,2027-01-01,22.60
FI002339,F011,C102,25,1,2,24,22,2027-01-01,1.45
FI002340,F011,C104,52,0,8,52,44,2027-01-01,2.35
FI002341,F011,C107,0,0,0,0,0,2027-01-01,3.70
FI002342,F011,C108,132,4,8,128,120,2027-01-01,4.15
FI002343,F011,C109,24,2,2,22,20,2027-01-01,4.60
FI002344,F011,C113,22,0,2,22,20,2027-01-01,6.40
FI002345,F011,C114,40,2,2,38,36,2027-01-01,6.85
FI002346,F011,C122,25,1,2,24,22,2027-01-01,10.45
FI002347,F011,C123,13,2,2,11,9,2027-01-01,10.90
FI002348,F011,C125,54,0,4,54,50,2027-01-01,11.80
FI002349,F011,C126,15,1,2,14,12,2027-01-01,12.25
FI002350,F011,C128,68,8,8,60,52,2027-01-01,13.15
FI002351,F011,C130,34,0,4,34,30,2027-01-01,14.05
FI002352,F011,C133,21,0,2,21,19,2027-01-01,15.40
FI002353,F011,C134,20,2,2,18,16,2027-01-01,15.85
FI002354,F011,C137,40,0,2,40,38,2027-01-01,17.20
FI002355,F011,C143,0,0,0,0,0,2027-01-01,19.90
FI002356,F011,C144,27,2,2,25,23,2027-01-01,20.35
FI002357,F011,C146,144,8,8,136,128,2027-01-01,21.25
FI002358,F011,C147,12,2,2,10,8,2027-01-01,21.70
FI002359,F011,C149,58,0,4,58,54,2027-01-01,22.60
FI002360,F011,C150,28,0,4,28,24,2027-01-01,23.05
FI002361,F011,C155,46,0,4,46,42,2027-01-01,2.80
FI002362,F011,C159,16,0,2,16,14,2027-01-01,4.60
FI002363,F011,C161,29,2,2,27,25,2027-01-01,5.50
FI002364,F011,C162,58,0,4,58,54,2027-01-01,5.95
FI002365,F011,C163,30,2,2,28,26,2027-01-01,6.40
FI002366,F011,C164,35,2,2,33,31,2027-01-01,6.85
FI002367,F011,C165,64,4,4,60,56,2027-01-01,7.30
FI002368,F011,C173,140,0,8,140,132,2027-01-01,10.90
FI002369,F011,C175,120,8,8,112,104,2027-01-01,11.80
FI002370,F011,C184,30,0,2,30,28,2027-01-01,15.85
FI002371,F011,C186,32,2,4,30,26,2027-01-01,16.75
FI002372,F011,C190,26,0,2,26,24,2027-01-01,18.55
FI002373,F011,C191,37,2,2,35,33,2027-01-01,19.00
FI002374,F011,C194,35,0,2,35,33,2027-01-01,20.35
FI002375,F011,C198,23,2,2,21,19,2027-01-01,22.15
FI002376,F011,C201,56,4,8,52,44,2027-01-01,1.00
FI002377,F011,C203,35,2,2,33,31,2027-01-01,1.90
FI002378,F011,C204,54,2,4,52,48,2027-01-01,2.35
FI002379,F011,C205,30,4,4,26,22,2027-01-01,2.80
FI002380,F011,C207,17,2,2,15,13,2027-01-01,3.70
FI002381,F011,C208,100,0,8,100,92,2027-01-01,4.15
FI002382,F011,C209,13,0,2,13,11,2027-01-01,4.60
FI002383,F011,C210,58,4,4,54,50,2027-01-01,5.05
FI002384,F011,C213,48,0,8,48,40,2027-01-01,6.40
FI002385,F011,C223,50,4,4,46,42,2027-01-01,10.90
FI002386,F011,C226,26,1,2,25,23,2027-01-01,12.25
FI002387,F011,C228,14,1,2,13,11,2027-01-01,13.15
FI002388,F011,C232,13,0,2,13,11,2027-01-01,14.95
FI002389,F011,C233,100,4,8,96,88,2027-01-01,15.40
FI002390,F011,C235,24,0,4,24,20,2027-01-01,16.30
FI002391,F011,C236,120,0,8,120,112,2027-01-01,16.75
FI002392,F011,C237,56,4,8,52,44,2027-01-01,17.20
FI002393,F011,C241,15,1,2,14,12,2027-01-01,19.00
FI002394,F011,C245,30,1,2,29,27,2027-01-01,20.80
FI002395,F011,C246,27,0,2,27,25,2027-01-01,21.25
FI002396,F011,C247,74,0,4,74,70,2027-01-01,21.70
FI002397,F011,C249,104,0,8,104,96,2027-01-01,22.60
FI002398,F011,C250,58,0,4,58,54,2027-01-01,23.05
FI002399,F011,C252,30,4,4,26,22,2027-01-01,1.45
FI002400,F011,C253,28,1,2,27,25,2027-01-01,1.90
FI002401,F011,C257,22,2,2,20,18,2027-01-01,3.70
FI002402,F011,C260,14,2,2,12,10,2027-01-01,5.05
FI002403,F011,C262,42,4,4,38,34,2027-01-01,5.95
FI002404,F011,C263,54,2,4,52,48,2027-01-01,6.40
FI002405,F011,C264,21,2,2,19,17,2027-01-01,6.85
FI002406,F011,C267,48,2,4,46,42,2027-01-01,8.20
FI002407,F011,C269,50,4,4,46,42,2027-01-01,9.10
FI002408,F011,C271,15,2,2,13,11,2027-01-01,10.00
FI002409,F011,C281,26,0,4,26,22,2027-01-01,14.50
FI002410,F011,C282,38,2,4,36,32,2027-01-01,14.95
FI002411,F011,C285,32,4,4,28,24,2027-01-01,16.30
FI002412,F011,C287,32,2,2,30,28,2027-01-01,17.20
FI002413,F011,C289,17,0,2,17,15,2027-01-01,18.10
FI002414,F011,C292,38,0,2,38,36,2027-01-01,19.45
FI002415,F011,C296,80,0,4,80,76,2027-01-01,21.25
FI002416,F011,C303,20,1,2,19,17,2027-01-01,1.90
FI002417,F011,C305,34,1,2,33,31,2027-01-01,2.80
FI002418,F011,C307,60,4,4,56,52,2027-01-01,3.70
FI002419,F011,C308,29,0,2,29,27,2027-01-01,4.15
FI002420,F011,C313,76,0,4,76,72,2027-01-01,6.40
FI002421,F011,C317,50,2,4,48,44,2027-01-01,8.20
FI002422,F011,C318,16,1,2,15,13,2027-01-01,8.65
FI002423,F011,C321,36,0,2,36,34,2027-01-01,10.00
FI002424,F011,C322,62,4,4,58,54,2027-01-01,10.45
FI002425,F011,C326,27,0,2,27,25,2027-01-01,12.25
FI002426,F011,C330,37,0,2,37,35,2027-01-01,14.05
FI002427,F011,C331,26,1,2,25,23,2027-01-01,14.50
FI002428,F011,C332,39,1,2,38,36,2027-01-01,14.95
FI002429,F011,C333,18,1,2,17,15,2027-01-01,15.40
FI002430,F011,C337,148,4,8,144,136,2027-01-01,17.20
FI002431,F011,C338,30,0,2,30,28,2027-01-01,17.65
FI002432,F011,C339,26,2,2,24,22,2027-01-01,18.10
FI002433,F011,C343,52,0,4,52,48,2027-01-01,19.90
FI002434,F011,C344,40,0,4,40,36,2027-01-01,20.35
FI002435,F011,C345,52,2,4,50,46,2027-01-01,20.80
FI002436,F011,C349,78,2,4,76,72,2027-01-01,22.60
FI002437,F011,C352,136,4,8,132,124,2027-01-01,1.45
FI002438,F011,C353,140,4,8,136,128,2027-01-01,1.90
FI002439,F011,C357,52,0,8,52,44,2027-01-01,3.70
FI002440,F011,C361,140,8,8,132,124,2027-01-01,5.50
FI002441,F011,C362,18,0,2,18,16,2027-01-01,5.95
FI002442,F011,C364,24,4,4,20,16,2027-01-01,6.85
FI002443,F011,C373,29,1,2,28,26,2027-01-01,10.90
FI002444,F011,C376,17,0,2,17,15,2027-01-01,12.25
FI002445,F011,C377,28,2,4,26,22,2027-01-01,12.70
FI002446,F011,C379,160,0,8,160,152,2027-01-01,13.60
FI002447,F011,C380,80,4,4,76,72,2027-01-01,14.05
FI002448,F011,C381,128,4,8,124,116,2027-01-01,14.50
FI002449,F011,C382,25,0,2,25,23,2027-01-01,14.95
FI002450,F011,C384,64,2,4,62,58,2027-01-01,15.85
FI002451,F011,C387,136,8,8,128,120,2027-01-01,17.20
FI002452,F011,C388,27,0,2,27,25,2027-01-01,17.65
FI002453,F011,C389,50,4,4,46,42,2027-01-01,18.10
FI002454,F011,C390,24,0,2,24,22,2027-01-01,18.55
FI002455,F011,C391,152,4,8,148,140,2027-01-01,19.00
FI002456,F011,C392,30,0,2,30,28,2027-01-01,19.45
FI002457,F011,C394,38,2,2,36,34,2027-01-01,20.35
FI002458,F011,C395,30,1,2,29,27,2027-01-01,20.80
FI002459,F011,C397,28,0,2,28,26,2027-01-01,21.70
FI002460,F011,C398,31,1,2,30,28,2027-01-01,22.15
FI002461,F011,C399,48,2,4,46,42,2027-01-01,22.60
FI002462,F011,C402,32,0,2,32,30,2027-01-01,1.45
FI002463,F011,C404,56,0,8,56,48,2027-01-01,2.35
FI002464,F011,C410,27,1,2,26,24,2027-01-01,5.05
FI002465,F011,C411,19,2,2,17,15,2027-01-01,5.50
FI002466,F011,C412,56,4,8,52,44,2027-01-01,5.95
FI002467,F011,C414,56,8,8,48,40,2027-01-01,6.85
FI002468,F011,C415,12,2,2,10,8,2027-01-01,7.30
FI002469,F011,C416,23,0,2,23,21,2027-01-01,7.75
FI002470,F011,C417,28,4,4,24,20,2027-01-01,8.20
FI002471,F011,C418,52,0,4,52,48,2027-01-01,8.65
FI002472,F011,C419,25,2,2,23,21,2027-01-01,9.10
FI002473,F011,C421,80,4,4,76,72,2027-01-01,10.00
FI002474,F011,C423,58,2,4,56,52,2027-01-01,10.90
FI002475,F011,C429,140,4,8,136,128,2027-01-01,13.60
FI002476,F011,C430,46,4,4,42,38,2027-01-01,14.05
FI002477,F011,C435,33,1,2,32,30,2027-01-01,16.30
FI002478,F011,C436,20,2,2,18,16,2027-01-01,16.75
FI002479,F011,C437,66,0,4,66,62,2027-01-01,17.20
FI002480,F011,C439,38,2,2,36,34,2027-01-01,18.10
FI002481,F011,C445,68,0,4,68,64,2027-01-01,20.80
FI002482,F011,C446,64,4,4,60,56,2027-01-01,21.25
FI002483,F011,C451,39,2,2,37,35,2027-01-01,1.00
FI002484,F011,C452,32,0,2,32,30,2027-01-01,1.45
FI002485,F011,C453,36,2,4,34,30,2027-01-01,1.90
FI002486,F011,C457,14,0,2,14,12,2027-01-01,3.70
FI002487,F011,C459,22,2,2,20,18,2027-01-01,4.60
FI002488,F011,C463,32,2,2,30,28,2027-01-01,6.40
FI002489,F011,C464,38,1,2,37,35,2027-01-01,6.85
FI002490,F011,C465,32,1,2,31,29,2027-01-01,7.30
FI002491,F011,C469,128,4,8,124,116,2027-01-01,9.10
FI002492,F011,C471,31,2,2,29,27,2027-01-01,10.00
FI002493,F011,C472,40,0,2,40,38,2027-01-01,10.45
FI002494,F011,C475,30,0,4,30,26,2027-01-01,11.80
FI002495,F011,C478,19,2,2,17,15,2027-01-01,13.15
FI002496,F011,C479,64,4,4,60,56,2027-01-01,13.60
FI002497,F011,C494,30,1,2,29,27,2027-01-01,20.35
FI002498,F011,C499,76,2,4,74,70,2027-01-01,22.60
FI002499,F012,C001,40,2,4,38,34,2027-01-01,1.00
FI002500,F012,C002,80,8,8,72,64,2027-01-01,1.45
FI002501,F012,C003,148,8,8,140,132,2027-01-01,1.90
FI002502,F012,C004,72,0,8,72,64,2027-01-01,2.35
FI002503,F012,C005,72,4,4,68,64,2027-01-01,2.80
FI002504,F012,C006,120,8,8,112,104,2027-01-01,3.25
FI002505,F012,C007,28,2,4,26,22,2027-01-01,3.70
FI002506,F012,C008,148,8,8,140,132,2027-01-01,4.15
FI002507,F012,C009,68,4,4,64,60,2027-01-01,4.60
FI002508,F012,C010,156,4,8,152,144,2027-01-01,5.05
FI002509,F012,C011,116,0,8,116,108,2027-01-01,5.50
FI002510,F012,C012,100,0,8,100,92,2027-01-01,5.95
FI002511,F012,C013,116,0,8,116,108,2027-01-01,6.40
FI002512,F012,C014,72,4,8,68,60,2027-01-01,6.85
FI002513,F012,C015,44,2,4,42,38,2027-01-01,7.30
FI002514,F012,C016,60,0,8,60,52,2027-01-01,7.75
FI002515,F012,C017,52,0,4,52,48,2027-01-01,8.20
FI002516,F012,C018,80,8,8,72,64,2027-01-01,8.65
FI002517,F012,C019,64,4,4,60,56,2027-01-01,9.10
FI002518,F012,C020,0,0,0,0,0,2027-01-01,9.55
FI002519,F012,C021,120,0,8,120,112,2027-01-01,10.00
FI002520,F012,C022,84,8,8,76,68,2027-01-01,10.45
FI002521,F012,C023,112,4,8,108,100,2027-01-01,10.90
FI002522,F012,C024,26,2,2,24,22,2027-01-01,11.35
FI002523,F012,C025,44,4,4,40,36,2027-01-01,11.80
FI002524,F012,C026,37,1,2,36,34,2027-01-01,12.25
FI002525,F012,C027,80,8,8,72,64,2027-01-01,12.70
FI002526,F012,C028,31,1,2,30,28,2027-01-01,13.15
FI002527,F012,C029,160,0,8,160,152,2027-01-01,13.60
FI002528,F012,C030,160,8,8,152,144,2027-01-01,14.05
FI002529,F012,C033,116,8,8,108,100,2027-01-01,15.40
FI002530,F012,C034,42,2,4,40,36,2027-01-01,15.85
FI002531,F012,C036,31,2,2,29,27,2027-01-01,16.75
FI002532,F012,C037,24,2,2,22,20,2027-01-01,17.20
FI002533,F012,C038,26,2,2,24,22,2027-01-01,17.65
FI002534,F012,C039,34,0,2,34,32,2027-01-01,18.10
FI002535,F012,C042,34,0,2,34,32,2027-01-01,19.45
FI002536,F012,C043,68,2,4,66,62,2027-01-01,19.90
FI002537,F012,C045,68,2,4,66,62,2027-01-01,20.80
FI002538,F012,C047,22,2,2,20,18,2027-01-01,21.70
FI002539,F012,C048,76,0,4,76,72,2027-01-01,22.15
FI002540,F012,C049,76,0,4,76,72,2027-01-01,22.60
FI002541,F012,C050,38,0,2,38,36,2027-01-01,23.05
FI002542,F012,C051,32,4,4,28,24,2027-01-01,1.00
FI002543,F012,C053,18,1,2,17,15,2027-01-01,1.90
FI002544,F012,C056,30,0,4,30,26,2027-01-01,3.25
FI002545,F012,C057,104,0,8,104,96,2027-01-01,3.70
FI002546,F012,C058,28,4,4,24,20,2027-01-01,4.15
FI002547,F012,C060,60,0,4,60,56,2027-01-01,5.05
FI002548,F012,C062,29,0,2,29,27,2027-01-01,5.95
FI002549,F012,C067,68,2,4,66,62,2027-01-01,8.20
FI002550,F012,C070,56,8,8,48,40,2027-01-01,9.55
FI002551,F012,C071,32,0,2,32,30,2027-01-01,10.00
FI002552,F012,C074,140,4,8,136,128,2027-01-01,11.35
FI002553,F012,C075,60,4,8,56,48,2027-01-01,11.80
FI002554,F012,C076,156,8,8,148,140,2027-01-01,12.25
FI002555,F012,C077,15,2,2,13,11,2027-01-01,12.70
FI002556,F012,C083,28,0,2,28,26,2027-01-01,15.40
FI002557,F012,C087,60,2,4,58,54,2027-01-01,17.20
FI002558,F012,C090,28,2,4,26,22,2027-01-01,18.55
FI002559,F012,C092,18,1,2,17,15,2027-01-01,19.45
FI002560,F012,C093,78,0,4,78,74,2027-01-01,19.90
FI002561,F012,C094,17,2,2,15,13,2027-01-01,20.35
FI002562,F012,C097,46,2,4,44,40,2027-01-01,21.70
FI002563,F012,C102,33,1,2,32,30,2027-01-01,1.45
FI002564,F012,C103,21,0,2,21,19,2027-01-01,1.90
FI002565,F012,C105,24,4,4,20,16,2027-01-01,2.80
FI002566,F012,C106,0,0,0,0,0,2027-01-01,3.25
FI002567,F012,C118,136,4,8,132,124,2027-01-01,8.65
FI002568,F012,C119,40,4,4,36,32,2027-01-01,9.10
FI002569,F012,C123,42,2,4,40,36,2027-01-01,10.90
FI002570,F012,C126,44,4,4,40,36,2027-01-01,12.25
FI002571,F012,C127,27,0,2,27,25,2027-01-01,12.70
FI002572,F012,C129,72,4,4,68,64,2027-01-01,13.60
FI002573,F012,C133,26,0,2,26,24,2027-01-01,15.40
FI002574,F012,C134,22,1,2,21,19,2027-01-01,15.85
FI002575,F012,C137,132,8,8,124,116,2027-01-01,17.20
FI002576,F012,C138,26,0,2,26,24,2027-01-01,17.65
FI002577,F012,C139,30,0,2,30,28,2027-01-01,18.10
FI002578,F012,C141,48,4,4,44,40,2027-01-01,19.00
FI002579,F012,C146,108,4,8,104,96,2027-01-01,21.25
FI002580,F012,C148,72,2,4,70,66,2027-01-01,22.15
FI002581,F012,C152,17,2,2,15,13,2027-01-01,1.45
FI002582,F012,C154,48,0,8,48,40,2027-01-01,2.35
FI002583,F012,C159,25,0,2,25,23,2027-01-01,4.60
FI002584,F012,C160,128,4,8,124,116,2027-01-01,5.05
FI002585,F012,C164,36,2,2,34,32,2027-01-01,6.85
FI002586,F012,C166,37,1,2,36,34,2027-01-01,7.75
FI002587,F012,C167,26,0,4,26,22,2027-01-01,8.20
FI002588,F012,C169,26,0,2,26,24,2027-01-01,9.10
FI002589,F012,C174,40,4,4,36,32,2027-01-01,11.35
FI002590,F012,C175,34,4,4,30,26,2027-01-01,11.80
FI002591,F012,C176,36,2,4,34,30,2027-01-01,12.25
FI002592,F012,C177,62,2,4,60,56,2027-01-01,12.70
FI002593,F012,C181,24,2,4,22,18,2027-01-01,14.50
FI002594,F012,C182,18,0,2,18,16,2027-01-01,14.95
FI002595,F012,C188,58,0,4,58,54,2027-01-01,17.65
FI002596,F012,C189,40,2,2,38,36,2027-01-01,18.10
FI002597,F012,C190,19,0,2,19,17,2027-01-01,18.55
FI002598,F012,C191,33,0,2,33,31,2027-01-01,19.00
FI002599,F012,C193,56,2,4,54,50,2027-01-01,19.90
FI002600,F012,C195,46,2,4,44,40,2027-01-01,20.80
FI002601,F012,C197,124,4,8,120,112,2027-01-01,21.70
FI002602,F012,C199,26,2,4,24,20,2027-01-01,22.60
FI002603,F012,C201,30,2,2,28,26,2027-01-01,1.00
FI002604,F012,C203,64,4,8,60,52,2027-01-01,1.90
FI002605,F012,C205,92,4,8,88,80,2027-01-01,2.80
FI002606,F012,C206,136,0,8,136,128,2027-01-01,3.25
FI002607,F012,C207,24,1,2,23,21,2027-01-01,3.70
FI002608,F012,C208,52,2,4,50,46,2027-01-01,4.15
FI002609,F012,C211,37,0,2,37,35,2027-01-01,5.50
FI002610,F012,C213,24,1,2,23,21,2027-01-01,6.40
FI002611,F012,C214,0,0,0,0,0,2027-01-01,6.85
FI002612,F012,C218,15,0,2,15,13,2027-01-01,8.65
FI002613,F012,C220,136,8,8,128,120,2027-01-01,9.55
FI002614,F012,C223,88,0,8,88,80,2027-01-01,10.90
FI002615,F012,C228,34,4,4,30,26,2027-01-01,13.15
FI002616,F012,C230,31,2,2,29,27,2027-01-01,14.05
FI002617,F012,C232,80,8,8,72,64,2027-01-01,14.95
FI002618,F012,C233,13,0,2,13,11,2027-01-01,15.40
FI002619,F012,C237,54,0,4,54,50,2027-01-01,17.20
FI002620,F012,C239,58,2,4,56,52,2027-01-01,18.10
FI002621,F012,C243,66,2,4,64,60,2027-01-01,19.90
FI002622,F012,C248,38,2,2,36,34,2027-01-01,22.15
FI002623,F012,C259,32,0,4,32,28,2027-01-01,4.60
FI002624,F012,C261,12,2,2,10,8,2027-01-01,5.50
FI002625,F012,C263,76,0,4,76,72,2027-01-01,6.40
FI002626,F012,C265,24,0,4,24,20,2027-01-01,7.30
FI002627,F012,C271,23,2,2,21,19,2027-01-01,10.00
FI002628,F012,C273,52,4,8,48,40,2027-01-01,10.90
FI002629,F012,C274,24,2,4,22,18,2027-01-01,11.35
FI002630,F012,C275,29,2,2,27,25,2027-01-01,11.80
FI002631,F012,C277,35,2,2,33,31,2027-01-01,12.70
FI002632,F012,C280,36,2,4,34,30,2027-01-01,14.05
FI002633,F012,C281,37,1,2,36,34,2027-01-01,14.50
FI002634,F012,C284,48,4,4,44,40,2027-01-01,15.85
FI002635,F012,C289,46,4,4,42,38,2027-01-01,18.10
FI002636,F012,C290,34,4,4,30,26,2027-01-01,18.55
FI002637,F012,C298,54,2,4,52,48,2027-01-01,22.15
FI002638,F012,C300,12,1,2,11,9,2027-01-01,23.05
FI002639,F012,C303,76,4,8,72,64,2027-01-01,1.90
FI002640,F012,C304,19,0,2,19,17,2027-01-01,2.35
FI002641,F012,C305,26,2,4,24,20,2027-01-01,2.80
FI002642,F012,C308,74,2,4,72,68,2027-01-01,4.15
FI002643,F012,C309,17,0,2,17,15,2027-01-01,4.60
FI002644,F012,C313,39,0,2,39,37,2027-01-01,6.40
FI002645,F012,C315,17,1,2,16,14,2027-01-01,7.30
FI002646,F012,C318,36,0,2,36,34,2027-01-01,8.65
FI002647,F012,C319,42,2,4,40,36,2027-01-01,9.10
FI002648,F012,C325,15,2,2,13,11,2027-01-01,11.80
FI002649,F012,C329,30,1,2,29,27,2027-01-01,13.60
FI002650,F012,C331,35,1,2,34,32,2027-01-01,14.50
FI002651,F012,C334,78,2,4,76,72,2027-01-01,15.85
FI002652,F012,C335,12,2,2,10,8,2027-01-01,16.30
FI002653,F012,C336,30,0,2,30,28,2027-01-01,16.75
FI002654,F012,C341,38,1,2,37,35,2027-01-01,19.00
FI002655,F012,C343,148,0,8,148,140,2027-01-01,19.90
FI002656,F012,C345,58,0,4,58,54,2027-01-01,20.80
FI002657,F012,C346,32,1,2,31,29,2027-01-01,21.25
FI002658,F012,C347,42,0,4,42,38,2027-01-01,21.70
FI002659,F012,C348,32,0,4,32,28,2027-01-01,22.15
FI002660,F012,C349,36,0,2,36,34,2027-01-01,22.60
FI002661,F012,C352,108,4,8,104,96,2027-01-01,1.45
FI002662,F012,C353,35,0,2,35,33,2027-01-01,1.90
FI002663,F012,C356,24,0,2,24,22,2027-01-01,3.25
FI002664,F012,C357,13,1,2,12,10,2027-01-01,3.70
FI002665,F012,C366,26,2,2,24,22,2027-01-01,7.75
FI002666,F012,C370,18,1,2,17,15,2027-01-01,9.55
FI002667,F012,C373,33,0,2,33,31,2027-01-01,10.90
FI002668,F012,C374,56,0,8,56,48,2027-01-01,11.35
FI002669,F012,C380,30,0,4,30,26,2027-01-01,14.05
FI002670,F012,C382,76,2,4,74,70,2027-01-01,14.95
FI002671,F012,C386,48,0,8,48,40,2027-01-01,16.75
FI002672,F012,C388,108,4,8,104,96,2027-01-01,17.65
FI002673,F012,C390,58,2,4,56,52,2027-01-01,18.55
FI002674,F012,C393,37,2,2,35,33,2027-01-01,19.90
FI002675,F012,C394,30,4,4,26,22,2027-01-01,20.35
FI002676,F012,C395,36,0,4,36,32,2027-01-01,20.80
FI002677,F012,C396,27,1,2,26,24,2027-01-01,21.25
FI002678,F012,C402,16,2,2,14,12,2027-01-01,1.45
FI002679,F012,C403,28,2,2,26,24,2027-01-01,1.90
FI002680,F012,C404,30,0,4,30,26,2027-01-01,2.35
FI002681,F012,C406,0,0,0,0,0,2027-01-01,3.25
FI002682,F012,C408,78,4,4,74,70,2027-01-01,4.15
FI002683,F012,C409,58,2,4,56,52,2027-01-01,4.60
FI002684,F012,C418,50,4,4,46,42,2027-01-01,8.65
FI002685,F012,C420,38,1,2,37,35,2027-01-01,9.55
FI002686,F012,C422,12,2,2,10,8,2027-01-01,10.45
FI002687,F012,C427,21,2,2,19,17,2027-01-01,12.70
FI002688,F012,C428,32,4,4,28,24,2027-01-01,13.15
FI002689,F012,C431,23,2,2,21,19,2027-01-01,14.50
FI002690,F012,C432,31,0,2,31,29,2027-01-01,14.95
FI002691,F012,C436,24,2,2,22,20,2027-01-01,16.75
FI002692,F012,C437,26,4,4,22,18,2027-01-01,17.20
FI002693,F012,C439,39,1,2,38,36,2027-01-01,18.10
FI002694,F012,C441,24,2,2,22,20,2027-01-01,19.00
FI002695,F012,C443,0,0,0,0,0,2027-01-01,19.90
FI002696,F012,C444,16,1,2,15,13,2027-01-01,20.35
FI002697,F012,C445,48,4,8,44,36,2027-01-01,20.80
FI002698,F012,C447,60,0,4,60,56,2027-01-01,21.70
FI002699,F012,C450,58,4,4,54,50,2027-01-01,23.05
FI002700,F012,C452,39,1,2,38,36,2027-01-01,1.45
FI002701,F012,C453,46,4,4,42,38,2027-01-01,1.90
FI002702,F012,C454,56,4,8,52,44,2027-01-01,2.35
FI002703,F012,C456,104,4,8,100,92,2027-01-01,3.25
FI002704,F012,C457,29,2,2,27,25,2027-01-01,3.70
FI002705,F012,C463,64,2,4,62,58,2027-01-01,6.40
FI002706,F012,C467,28,4,4,24,20,2027-01-01,8.20
FI002707,F012,C468,62,0,4,62,58,2027-01-01,8.65
FI002708,F012,C470,80,4,4,76,72,2027-01-01,9.55
FI002709,F012,C471,0,0,0,0,0,2027-01-01,10.00
FI002710,F012,C473,36,0,2,36,34,2027-01-01,10.90
FI002711,F012,C474,0,0,0,0,0,2027-01-01,11.35
FI002712,F012,C476,18,0,2,18,16,2027-01-01,12.25
FI002713,F012,C478,19,1,2,18,16,2027-01-01,13.15
FI002714,F012,C481,42,4,4,38,34,2027-01-01,14.50
FI002715,F012,C483,34,2,4,32,28,2027-01-01,15.40
FI002716,F012,C484,31,1,2,30,28,2027-01-01,15.85
FI002717,F012,C485,26,1,2,25,23,2027-01-01,16.30
FI002718,F012,C488,56,0,4,56,52,2027-01-01,17.65
FI002719,F012,C490,0,0,0,0,0,2027-01-01,18.55
FI002720,F012,C491,60,0,8,60,52,2027-01-01,19.00
FI002721,F012,C492,66,2,4,64,60,2027-01-01,19.45
FI002722,F012,C493,28,0,4,28,24,2027-01-01,19.90
FI002723,F012,C495,52,0,4,52,48,2027-01-01,20.80
FI002724,F012,C496,38,4,4,34,30,2027-01-01,21.25
FI002725,F013,C001,112,4,8,108,100,2027-01-01,1.00
FI002726,F013,C002,48,4,8,44,36,2027-01-01,1.45
FI002727,F013,C003,100,4,8,96,88,2027-01-01,1.90
FI002728,F013,C004,48,4,4,44,40,2027-01-01,2.35
FI002729,F013,C005,64,2,4,62,58,2027-01-01,2.80
FI002730,F013,C006,52,0,4,52,48,2027-01-01,3.25
FI002731,F013,C007,60,2,4,58,54,2027-01-01,3.70
FI002732,F013,C008,64,0,8,64,56,2027-01-01,4.15
FI002733,F013,C009,112,0,8,112,104,2027-01-01,4.60
FI002734,F013,C010,56,0,8,56,48,2027-01-01,5.05
FI002735,F013,C011,136,8,8,128,120,2027-01-01,5.50
FI002736,F013,C012,76,4,4,72,68,2027-01-01,5.95
FI002737,F013,C013,12,0,2,12,10,2027-01-01,6.40
FI002738,F013,C014,68,4,8,64,56,2027-01-01,6.85
FI002739,F013,C015,60,0,4,60,56,2027-01-01,7.30
FI002740,F013,C016,15,0,2,15,13,2027-01-01,7.75
FI002741,F013,C017,132,0,8,132,124,2027-01-01,8.20
FI002742,F013,C018,112,8,8,104,96,2027-01-01,8.65
FI002743,F013,C019,56,2,4,54,50,2027-01-01,9.10
FI002744,F013,C020,52,4,8,48,40,2027-01-01,9.55
FI002745,F013,C021,160,4,8,156,148,2027-01-01,10.00
FI002746,F013,C022,148,8,8,140,132,2027-01-01,10.45
FI002747,F013,C023,144,4,8,140,132,2027-01-01,10.90
FI002748,F013,C024,144,8,8,136,128,2027-01-01,11.35
FI002749,F013,C026,24,0,2,24,22,2027-01-01,12.25
FI002750,F013,C027,56,0,8,56,48,2027-01-01,12.70
FI002751,F013,C029,104,0,8,104,96,2027-01-01,13.60
FI002752,F013,C030,68,2,4,66,62,2027-01-01,14.05
FI002753,F013,C033,60,0,8,60,52,2027-01-01,15.40
FI002754,F013,C034,56,0,8,56,48,2027-01-01,15.85
FI002755,F013,C036,70,0,4,70,66,2027-01-01,16.75
FI002756,F013,C037,76,0,4,76,72,2027-01-01,17.20
FI002757,F013,C039,15,1,2,14,12,2027-01-01,18.10
FI002758,F013,C041,32,1,2,31,29,2027-01-01,19.00
FI002759,F013,C044,22,2,2,20,18,2027-01-01,20.35
FI002760,F013,C045,152,8,8,144,136,2027-01-01,20.80
FI002761,F013,C046,80,0,4,80,76,2027-01-01,21.25
FI002762,F013,C049,40,0,4,40,36,2027-01-01,22.60
FI002763,F013,C050,37,1,2,36,34,2027-01-01,23.05
FI002764,F013,C057,34,2,2,32,30,2027-01-01,3.70
FI002765,F013,C058,50,4,4,46,42,2027-01-01,4.15
FI002766,F013,C059,37,2,2,35,33,2027-01-01,4.60
FI002767,F013,C061,17,1,2,16,14,2027-01-01,5.50
FI002768,F013,C062,27,0,2,27,25,2027-01-01,5.95
FI002769,F013,C063,32,4,4,28,24,2027-01-01,6.40
FI002770,F013,C064,42,0,4,42,38,2027-01-01,6.85
FI002771,F013,C066,14,2,2,12,10,2027-01-01,7.75
FI002772,F013,C067,13,2,2,11,9,2027-01-01,8.20
FI002773,F013,C068,72,0,4,72,68,2027-01-01,8.65
FI002774,F013,C070,92,8,8,84,76,2027-01-01,9.55
FI002775,F013,C072,29,0,2,29,27,2027-01-01,10.45
FI002776,F013,C075,17,1,2,16,14,2027-01-01,11.80
FI002777,F013,C076,148,8,8,140,132,2027-01-01,12.25
FI002778,F013,C078,44,4,4,40,36,2027-01-01,13.15
FI002779,F013,C083,60,0,4,60,56,2027-01-01,15.40
FI002780,F013,C084,13,1,2,12,10,2027-01-01,15.85
FI002781,F013,C085,62,2,4,60,56,2027-01-01,16.30
FI002782,F013,C087,56,2,4,54,50,2027-01-01,17.20
FI002783,F013,C088,18,0,2,18,16,2027-01-01,17.65
FI002784,F013,C092,64,8,8,56,48,2027-01-01,19.45
FI002785,F013,C095,16,2,2,14,12,2027-01-01,20.80
FI002786,F013,C096,13,2,2,11,9,2027-01-01,21.25
FI002787,F013,C100,48,4,8,44,36,2027-01-01,23.05
FI002788,F013,C101,64,2,4,62,58,2027-01-01,1.00
FI002789,F013,C102,22,1,2,21,19,2027-01-01,1.45
FI002790,F013,C105,32,2,2,30,28,2027-01-01,2.80
FI002791,F013,C108,36,1,2,35,33,2027-01-01,4.15
FI002792,F013,C109,132,4,8,128,120,2027-01-01,4.60
FI002793,F013,C114,34,1,2,33,31,2027-01-01,6.85
FI002794,F013,C119,25,1,2,24,22,2027-01-01,9.10
FI002795,F013,C120,76,4,8,72,64,2027-01-01,9.55
FI002796,F013,C121,160,4,8,156,148,2027-01-01,10.00
FI002797,F013,C122,31,1,2,30,28,2027-01-01,10.45
FI002798,F013,C123,24,0,4,24,20,2027-01-01,10.90
FI002799,F013,C125,92,4,8,88,80,2027-01-01,11.80
FI002800,F013,C127,30,1,2,29,27,2027-01-01,12.70
FI002801,F013,C132,24,2,4,22,18,2027-01-01,14.95
FI002802,F013,C133,64,2,4,62,58,2027-01-01,15.40
FI002803,F013,C135,0,0,0,0,0,2027-01-01,16.30
FI002804,F013,C139,78,4,4,74,70,2027-01-01,18.10
FI002805,F013,C140,42,2,4,40,36,2027-01-01,18.55
FI002806,F013,C142,26,2,2,24,22,2027-01-01,19.45
FI002807,F013,C144,18,0,2,18,16,2027-01-01,20.35
FI002808,F013,C145,0,0,0,0,0,2027-01-01,20.80
FI002809,F013,C146,24,0,2,24,22,2027-01-01,21.25
FI002810,F013,C149,17,1,2,16,14,2027-01-01,22.60
FI002811,F013,C150,74,4,4,70,66,2027-01-01,23.05
FI002812,F013,C151,23,1,2,22,20,2027-01-01,1.00
FI002813,F013,C153,26,4,4,22,18,2027-01-01,1.90
FI002814,F013,C155,60,0,8,60,52,2027-01-01,2.80
FI002815,F013,C156,15,0,2,15,13,2027-01-01,3.25
FI002816,F013,C159,88,4,8,84,76,2027-01-01,4.60
FI002817,F013,C164,120,4,8,116,108,2027-01-01,6.85
FI002818,F013,C165,48,0,4,48,44,2027-01-01,7.30
FI002819,F013,C166,60,2,4,58,54,2027-01-01,7.75
FI002820,F013,C172,100,4,8,96,88,2027-01-01,10.45
FI002821,F013,C173,66,4,4,62,58,2027-01-01,10.90
FI002822,F013,C178,19,2,2,17,15,2027-01-01,13.15
FI002823,F013,C179,23,1,2,22,20,2027-01-01,13.60
FI002824,F013,C180,84,4,8,80,72,2027-01-01,14.05
FI002825,F013,C181,160,0,8,160,152,2027-01-01,14.50
FI002826,F013,C184,144,8,8,136,128,2027-01-01,15.85
FI002827,F013,C186,24,2,2,22,20,2027-01-01,16.75
FI002828,F013,C187,108,0,8,108,100,2027-01-01,17.20
FI002829,F013,C188,13,1,2,12,10,2027-01-01,17.65
FI002830,F013,C190,27,0,2,27,25,2027-01-01,18.55
FI002831,F013,C192,32,2,2,30,28,2027-01-01,19.45
FI002832,F013,C194,36,2,4,34,30,2027-01-01,20.35
FI002833,F013,C199,36,0,2,36,34,2027-01-01,22.60
FI002834,F013,C202,30,0,4,30,26,2027-01-01,1.45
FI002835,F013,C204,12,2,2,10,8,2027-01-01,2.35
FI002836,F013,C205,112,8,8,104,96,2027-01-01,2.80
FI002837,F013,C208,42,4,4,38,34,2027-01-01,4.15
FI002838,F013,C211,52,4,8,48,40,2027-01-01,5.50
FI002839,F013,C212,112,8,8,104,96,2027-01-01,5.95
FI002840,F013,C218,28,2,2,26,24,2027-01-01,8.65
FI002841,F013,C219,27,0,2,27,25,2027-01-01,9.10
FI002842,F013,C221,38,2,4,36,32,2027-01-01,10.00
FI002843,F013,C223,74,4,4,70,66,2027-01-01,10.90
FI002844,F013,C229,84,4,8,80,72,2027-01-01,13.60
FI002845,F013,C230,13,2,2,11,9,2027-01-01,14.05
FI002846,F013,C231,25,1,2,24,22,2027-01-01,14.50
FI002847,F013,C238,25,1,2,24,22,2027-01-01,17.65
FI002848,F013,C240,60,4,4,56,52,2027-01-01,18.55
FI002849,F013,C241,37,1,2,36,34,2027-01-01,19.00
FI002850,F013,C242,18,2,2,16,14,2027-01-01,19.45
FI002851,F013,C246,48,4,8,44,36,2027-01-01,21.25
FI002852,F013,C248,32,0,4,32,28,2027-01-01,22.15
FI002853,F013,C253,24,0,4,24,20,2027-01-01,1.90
FI002854,F013,C254,100,4,8,96,88,2027-01-01,2.35
FI002855,F013,C260,54,0,4,54,50,2027-01-01,5.05
FI002856,F013,C261,104,0,8,104,96,2027-01-01,5.50
FI002857,F013,C262,96,4,8,92,84,2027-01-01,5.95
FI002858,F013,C264,14,1,2,13,11,2027-01-01,6.85
FI002859,F013,C266,24,0,2,24,22,2027-01-01,7.75
FI002860,F013,C270,84,8,8,76,68,2027-01-01,9.55
FI002861,F013,C274,36,2,2,34,32,2027-01-01,11.35
FI002862,F013,C276,14,0,2,14,12,2027-01-01,12.25
FI002863,F013,C278,33,0,2,33,31,2027-01-01,13.15
FI002864,F013,C280,62,4,4,58,54,2027-01-01,14.05
FI002865,F013,C281,68,0,4,68,64,2027-01-01,14.50
FI002866,F013,C282,0,0,0,0,0,2027-01-01,14.95
FI002867,F013,C283,37,2,2,35,33,2027-01-01,15.40
FI002868,F013,C284,132,4,8,128,120,2027-01-01,15.85
FI002869,F013,C286,144,0,8,144,136,2027-01-01,16.75
FI002870,F013,C287,39,0,2,39,37,2027-01-01,17.20
FI002871,F013,C288,17,0,2,17,15,2027-01-01,17.65
FI002872,F013,C290,68,4,4,64,60,2027-01-01,18.55
FI002873,F013,C292,54,0,4,54,50,2027-01-01,19.45
FI002874,F013,C293,84,4,8,80,72,2027-01-01,19.90
FI002875,F013,C299,15,0,2,15,13,2027-01-01,22.60
FI002876,F013,C302,84,8,8,76,68,2027-01-01,1.45
FI002877,F013,C305,37,2,2,35,33,2027-01-01,2.80
FI002878,F013,C307,116,4,8,112,104,2027-01-01,3.70
FI002879,F013,C309,76,4,4,72,68,2027-01-01,4.60
FI002880,F013,C317,28,2,4,26,22,2027-01-01,8.20
FI002881,F013,C318,64,0,8,64,56,2027-01-01,8.65
FI002882,F013,C319,31,2,2,29,27,2027-01-01,9.10
FI002883,F013,C324,160,0,8,160,152,2027-01-01,11.35
FI002884,F013,C326,22,2,2,20,18,2027-01-01,12.25
FI002885,F013,C328,0,0,0,0,0,2027-01-01,13.15
FI002886,F013,C329,124,4,8,120,112,2027-01-01,13.60
FI002887,F013,C331,108,0,8,108,100,2027-01-01,14.50
FI002888,F013,C337,64,0,4,64,60,2027-01-01,17.20
FI002889,F013,C338,13,2,2,11,9,2027-01-01,17.65
FI002890,F013,C345,52,8,8,44,36,2027-01-01,20.80
FI002891,F013,C347,24,2,2,22,20,2027-01-01,21.70
FI002892,F013,C350,156,0,8,156,148,2027-01-01,23.05
FI002893,F013,C353,156,4,8,152,144,2027-01-01,1.90
FI002894,F013,C354,78,2,4,76,72,2027-01-01,2.35
FI002895,F013,C356,18,1,2,17,15,2027-01-01,3.25
FI002896,F013,C360,30,0,2,30,28,2027-01-01,5.05
FI002897,F013,C361,42,0,4,42,38,2027-01-01,5.50
FI002898,F013,C362,96,4,8,92,84,2027-01-01,5.95
FI002899,F013,C364,66,2,4,64,60,2027-01-01,6.85
FI002900,F013,C365,22,0,2,22,20,2027-01-01,7.30
FI002901,F013,C370,28,0,2,28,26,2027-01-01,9.55
FI002902,F013,C371,72,8,8,64,56,2027-01-01,10.00
FI002903,F013,C376,128,8,8,120,112,2027-01-01,12.25
FI002904,F013,C377,48,0,4,48,44,2027-01-01,12.70
FI002905,F013,C395,148,0,8,148,140,2027-01-01,20.80
FI002906,F013,C396,32,0,2,32,30,2027-01-01,21.25
FI002907,F013,C401,19,2,2,17,15,2027-01-01,1.00
FI002908,F013,C407,52,0,4,52,48,2027-01-01,3.70
FI002909,F013,C408,24,1,2,23,21,2027-01-01,4.15
FI002910,F013,C412,38,1,2,37,35,2027-01-01,5.95
FI002911,F013,C413,18,1,2,17,15,2027-01-01,6.40
FI002912,F013,C414,88,0,8,88,80,2027-01-01,6.85
FI002913,F013,C415,29,2,2,27,25,2027-01-01,7.30
FI002914,F013,C417,60,4,8,56,48,2027-01-01,8.20
FI002915,F013,C424,160,8,8,152,144,2027-01-01,11.35
FI002916,F013,C429,68,4,8,64,56,2027-01-01,13.60
FI002917,F013,C430,48,4,4,44,40,2027-01-01,14.05
FI002918,F013,C431,100,0,8,100,92,2027-01-01,14.50
FI002919,F013,C432,76,2,4,74,70,2027-01-01,14.95
FI002920,F013,C437,22,1,2,21,19,2027-01-01,17.20
FI002921,F013,C439,76,4,8,72,64,2027-01-01,18.10
FI002922,F013,C441,60,8,8,52,44,2027-01-01,19.00
FI002923,F013,C442,24,0,4,24,20,2027-01-01,19.45
FI002924,F013,C443,42,2,4,40,36,2027-01-01,19.90
FI002925,F013,C444,23,2,2,21,19,2027-01-01,20.35
FI002926,F013,C446,27,1,2,26,24,2027-01-01,21.25
FI002927,F013,C451,56,4,8,52,44,2027-01-01,1.00
FI002928,F013,C452,46,4,4,42,38,2027-01-01,1.45
FI002929,F013,C453,40,0,2,40,38,2027-01-01,1.90
FI002930,F013,C456,120,0,8,120,112,2027-01-01,3.25
FI002931,F013,C458,96,8,8,88,80,2027-01-01,4.15
FI002932,F013,C459,22,1,2,21,19,2027-01-01,4.60
FI002933,F013,C461,24,2,2,22,20,2027-01-01,5.50
FI002934,F013,C462,20,1,2,19,17,2027-01-01,5.95
FI002935,F013,C463,88,8,8,80,72,2027-01-01,6.40
FI002936,F013,C464,62,0,4,62,58,2027-01-01,6.85
FI002937,F013,C467,24,0,4,24,20,2027-01-01,8.20
FI002938,F013,C469,32,2,4,30,26,2027-01-01,9.10
FI002939,F013,C472,0,0,0,0,0,2027-01-01,10.45
FI002940,F013,C475,78,0,4,78,74,2027-01-01,11.80
FI002941,F013,C476,32,1,2,31,29,2027-01-01,12.25
FI002942,F013,C482,34,1,2,33,31,2027-01-01,14.95
FI002943,F013,C484,156,0,8,156,148,2027-01-01,15.85
FI002944,F013,C486,20,0,2,20,18,2027-01-01,16.75
FI002945,F013,C488,54,0,4,54,50,2027-01-01,17.65
FI002946,F013,C489,34,2,2,32,30,2027-01-01,18.10
FI002947,F013,C490,70,2,4,68,64,2027-01-01,18.55
FI002948,F013,C492,116,8,8,108,100,2027-01-01,19.45
FI002949,F013,C495,12,1,2,11,9,2027-01-01,20.80
FI002950,F013,C497,152,0,8,152,144,2027-01-01,21.70
FI002951,F013,C498,19,1,2,18,16,2027-01-01,22.15
FI002952,F013,C499,104,4,8,100,92,2027-01-01,22.60
FI002953,F014,C001,24,4,4,20,16,2027-01-01,1.00
FI002954,F014,C002,132,4,8,128,120,2027-01-01,1.45
FI002955,F014,C003,92,0,8,92,84,2027-01-01,1.90
FI002956,F014,C004,56,8,8,48,40,2027-01-01,2.35
FI002957,F014,C005,92,4,8,88,80,2027-01-01,2.80
FI002958,F014,C006,21,2,2,19,17,2027-01-01,3.25
FI002959,F014,C007,144,8,8,136,128,2027-01-01,3.70
FI002960,F014,C008,80,4,4,76,72,2027-01-01,4.15
FI002961,F014,C009,66,0,4,66,62,2027-01-01,4.60
FI002962,F014,C010,96,4,8,92,84,2027-01-01,5.05
FI002963,F014,C011,54,4,4,50,46,2027-01-01,5.50
FI002964,F014,C012,132,0,8,132,124,2027-01-01,5.95
FI002965,F014,C013,80,4,4,76,72,2027-01-01,6.40
FI002966,F014,C014,92,4,8,88,80,2027-01-01,6.85
FI002967,F014,C015,78,4,4,74,70,2027-01-01,7.30
FI002968,F014,C016,50,2,4,48,44,2027-01-01,7.75
FI002969,F014,C017,66,4,4,62,58,2027-01-01,8.20
FI002970,F014,C018,88,4,8,84,76,2027-01-01,8.65
FI002971,F014,C020,64,4,8,60,52,2027-01-01,9.55
FI002972,F014,C021,92,0,8,92,84,2027-01-01,10.00
FI002973,F014,C022,0,0,0,0,0,2027-01-01,10.45
FI002974,F014,C023,152,0,8,152,144,2027-01-01,10.90
FI002975,F014,C024,52,4,4,48,44,2027-01-01,11.35
FI002976,F014,C025,35,0,2,35,33,2027-01-01,11.80
FI002977,F014,C027,104,8,8,96,88,2027-01-01,12.70
FI002978,F014,C028,74,2,4,72,68,2027-01-01,13.15
FI002979,F014,C029,76,8,8,68,60,2027-01-01,13.60
FI002980,F014,C030,96,4,8,92,84,2027-01-01,14.05
FI002981,F014,C033,68,8,8,60,52,2027-01-01,15.40
FI002982,F014,C035,20,0,2,20,18,2027-01-01,16.30
FI002983,F014,C037,128,8,8,120,112,2027-01-01,17.20
FI002984,F014,C038,28,2,4,26,22,2027-01-01,17.65
FI002985,F014,C039,30,0,2,30,28,2027-01-01,18.10
FI002986,F014,C040,46,0,4,46,42,2027-01-01,18.55
FI002987,F014,C041,17,2,2,15,13,2027-01-01,19.00
FI002988,F014,C042,72,4,4,68,64,2027-01-01,19.45
FI002989,F014,C043,44,2,4,42,38,2027-01-01,19.90
FI002990,F014,C044,28,1,2,27,25,2027-01-01,20.35
FI002991,F014,C045,0,0,0,0,0,2027-01-01,20.80
FI002992,F014,C047,28,1,2,27,25,2027-01-01,21.70
FI002993,F014,C048,39,0,2,39,37,2027-01-01,22.15
FI002994,F014,C049,152,8,8,144,136,2027-01-01,22.60
FI002995,F014,C050,64,4,8,60,52,2027-01-01,23.05
FI002996,F014,C052,56,8,8,48,40,2027-01-01,1.45
FI002997,F014,C055,68,8,8,60,52,2027-01-01,2.80
FI002998,F014,C074,64,2,4,62,58,2027-01-01,11.35
FI002999,F014,C076,64,8,8,56,48,2027-01-01,12.25
FI003000,F014,C077,32,4,4,28,24,2027-01-01,12.70
FI003001,F014,C078,58,2,4,56,52,2027-01-01,13.15
FI003002,F014,C081,29,0,2,29,27,2027-01-01,14.50
FI003003,F014,C082,88,0,8,88,80,2027-01-01,14.95
FI003004,F014,C084,100,0,8,100,92,2027-01-01,15.85
FI003005,F014,C085,148,4,8,144,136,2027-01-01,16.30
FI003006,F014,C086,84,4,8,80,72,2027-01-01,16.75
FI003007,F014,C088,44,4,4,40,36,2027-01-01,17.65
FI003008,F014,C091,26,4,4,22,18,2027-01-01,19.00
FI003009,F014,C094,108,8,8,100,92,2027-01-01,20.35
FI003010,F014,C096,38,1,2,37,35,2027-01-01,21.25
FI003011,F014,C097,39,2,2,37,35,2027-01-01,21.70
FI003012,F014,C100,34,0,2,34,32,2027-01-01,23.05
FI003013,F014,C101,160,8,8,152,144,2027-01-01,1.00
FI003014,F014,C104,32,2,4,30,26,2027-01-01,2.35
FI003015,F014,C105,22,0,2,22,20,2027-01-01,2.80
FI003016,F014,C107,31,2,2,29,27,2027-01-01,3.70
FI003017,F014,C109,58,2,4,56,52,2027-01-01,4.60
FI003018,F014,C117,30,2,2,28,26,2027-01-01,8.20
FI003019,F014,C118,26,2,2,24,22,2027-01-01,8.65
FI003020,F014,C124,30,2,2,28,26,2027-01-01,11.35
FI003021,F014,C125,19,1,2,18,16,2027-01-01,11.80
FI003022,F014,C126,34,2,2,32,30,2027-01-01,12.25
FI003023,F014,C127,66,4,4,62,58,2027-01-01,12.70
FI003024,F014,C128,35,1,2,34,32,2027-01-01,13.15
FI003025,F014,C129,34,0,2,34,32,2027-01-01,13.60
FI003026,F014,C131,36,4,4,32,28,2027-01-01,14.50
FI003027,F014,C133,66,4,4,62,58,2027-01-01,15.40
FI003028,F014,C140,120,4,8,116,108,2027-01-01,18.55
FI003029,F014,C142,60,4,8,56,48,2027-01-01,19.45
FI003030,F014,C144,17,1,2,16,14,2027-01-01,20.35
FI003031,F014,C147,44,4,4,40,36,2027-01-01,21.70
FI003032,F014,C151,27,2,2,25,23,2027-01-01,1.00
FI003033,F014,C153,96,4,8,92,84,2027-01-01,1.90
FI003034,F014,C157,24,2,4,22,18,2027-01-01,3.70
FI003035,F014,C159,68,0,4,68,64,2027-01-01,4.60
FI003036,F014,C160,30,1,2,29,27,2027-01-01,5.05
FI003037,F014,C164,32,2,2,30,28,2027-01-01,6.85
FI003038,F014,C170,78,4,4,74,70,2027-01-01,9.55
FI003039,F014,C174,76,2,4,74,70,2027-01-01,11.35
FI003040,F014,C177,16,0,2,16,14,2027-01-01,12.70
FI003041,F014,C180,25,0,2,25,23,2027-01-01,14.05
FI003042,F014,C181,20,1,2,19,17,2027-01-01,14.50
FI003043,F014,C183,21,1,2,20,18,2027-01-01,15.40
FI003044,F014,C185,21,2,2,19,17,2027-01-01,16.30
FI003045,F014,C186,37,1,2,36,34,2027-01-01,16.75
FI003046,F014,C187,64,0,8,64,56,2027-01-01,17.20
FI003047,F014,C189,36,2,2,34,32,2027-01-01,18.10
FI003048,F014,C192,76,2,4,74,70,2027-01-01,19.45
FI003049,F014,C193,0,0,0,0,0,2027-01-01,19.90
FI003050,F014,C196,46,0,4,46,42,2027-01-01,21.25
FI003051,F014,C199,32,0,2,32,30,2027-01-01,22.60
FI003052,F014,C203,36,0,2,36,34,2027-01-01,1.90
FI003053,F014,C205,38,1,2,37,35,2027-01-01,2.80
FI003054,F014,C211,44,2,4,42,38,2027-01-01,5.50
FI003055,F014,C213,22,1,2,21,19,2027-01-01,6.40
FI003056,F014,C214,30,1,2,29,27,2027-01-01,6.85
FI003057,F014,C215,108,4,8,104,96,2027-01-01,7.30
FI003058,F014,C219,52,0,8,52,44,2027-01-01,9.10
FI003059,F014,C220,108,8,8,100,92,2027-01-01,9.55
FI003060,F014,C222,38,1,2,37,35,2027-01-01,10.45
FI003061,F014,C224,19,2,2,17,15,2027-01-01,11.35
FI003062,F014,C227,88,8,8,80,72,2027-01-01,12.70
FI003063,F014,C229,80,2,4,78,74,2027-01-01,13.60
FI003064,F014,C230,36,4,4,32,28,2027-01-01,14.05
FI003065,F014,C232,58,2,4,56,52,2027-01-01,14.95
FI003066,F014,C233,32,1,2,31,29,2027-01-01,15.40
FI003067,F014,C234,22,2,2,20,18,2027-01-01,15.85
FI003068,F014,C236,16,1,2,15,13,2027-01-01,16.75
FI003069,F014,C238,24,0,4,24,20,2027-01-01,17.65
FI003070,F014,C239,62,4,4,58,54,2027-01-01,18.10
FI003071,F014,C240,92,8,8,84,76,2027-01-01,18.55
FI003072,F014,C242,104,4,8,100,92,2027-01-01,19.45
FI003073,F014,C244,0,0,0,0,0,2027-01-01,20.35
FI003074,F014,C246,0,0,0,0,0,2027-01-01,21.25
FI003075,F014,C248,62,2,4,60,56,2027-01-01,22.15
FI003076,F014,C252,36,0,2,36,34,2027-01-01,1.45
FI003077,F014,C254,40,2,4,38,34,2027-01-01,2.35
FI003078,F014,C260,104,4,8,100,92,2027-01-01,5.05
FI003079,F014,C261,24,2,4,22,18,2027-01-01,5.50
FI003080,F014,C264,34,2,2,32,30,2027-01-01,6.85
FI003081,F014,C266,136,0,8,136,128,2027-01-01,7.75
FI003082,F014,C270,24,2,4,22,18,2027-01-01,9.55
FI003083,F014,C274,12,2,2,10,8,2027-01-01,11.35
FI003084,F014,C276,17,1,2,16,14,2027-01-01,12.25
FI003085,F014,C277,36,0,2,36,34,2027-01-01,12.70
FI003086,F014,C282,70,2,4,68,64,2027-01-01,14.95
FI003087,F014,C289,100,0,8,100,92,2027-01-01,18.10
FI003088,F014,C290,40,4,4,36,32,2027-01-01,18.55
FI003089,F014,C294,23,2,2,21,19,2027-01-01,20.35
FI003090,F014,C297,48,4,4,44,40,2027-01-01,21.70
FI003091,F014,C300,64,2,4,62,58,2027-01-01,23.05
FI003092,F014,C302,52,0,4,52,48,2027-01-01,1.45
FI003093,F014,C304,48,4,8,44,36,2027-01-01,2.35
FI003094,F014,C308,15,1,2,14,12,2027-01-01,4.15
FI003095,F014,C310,62,4,4,58,54,2027-01-01,5.05
FI003096,F014,C312,156,8,8,148,140,2027-01-01,5.95
FI003097,F014,C313,15,0,2,15,13,2027-01-01,6.40
FI003098,F014,C319,52,0,4,52,48,2027-01-01,9.10
FI003099,F014,C324,24,0,4,24,20,2027-01-01,11.35
FI003100,F014,C325,33,2,2,31,29,2027-01-01,11.80
FI003101,F014,C328,40,2,4,38,34,2027-01-01,13.15
FI003102,F014,C329,16,0,2,16,14,2027-01-01,13.60
FI003103,F014,C330,27,2,2,25,23,2027-01-01,14.05
FI003104,F014,C331,42,0,4,42,38,2027-01-01,14.50
FI003105,F014,C333,70,4,4,66,62,2027-01-01,15.40
FI003106,F014,C334,13,1,2,12,10,2027-01-01,15.85
FI003107,F014,C335,68,4,8,64,56,2027-01-01,16.30
FI003108,F014,C336,36,4,4,32,28,2027-01-01,16.75
FI003109,F014,C338,30,0,2,30,28,2027-01-01,17.65
FI003110,F014,C340,34,2,2,32,30,2027-01-01,18.55
FI003111,F014,C346,156,0,8,156,148,2027-01-01,21.25
FI003112,F014,C347,31,1,2,30,28,2027-01-01,21.70
FI003113,F014,C350,92,0,8,92,84,2027-01-01,23.05
FI003114,F014,C351,17,2,2,15,13,2027-01-01,1.00
FI003115,F014,C353,62,2,4,60,56,2027-01-01,1.90
FI003116,F014,C355,19,2,2,17,15,2027-01-01,2.80
FI003117,F014,C356,72,4,8,68,60,2027-01-01,3.25
FI003118,F014,C357,24,2,2,22,20,2027-01-01,3.70
FI003119,F014,C358,58,2,4,56,52,2027-01-01,4.15
FI003120,F014,C366,52,4,8,48,40,2027-01-01,7.75
FI003121,F014,C371,38,2,2,36,34,2027-01-01,10.00
FI003122,F014,C372,78,2,4,76,72,2027-01-01,10.45
FI003123,F014,C376,160,0,8,160,152,2027-01-01,12.25
FI003124,F014,C378,29,1,2,28,26,2027-01-01,13.15
FI003125,F014,C383,26,1,2,25,23,2027-01-01,15.40
FI003126,F014,C384,34,2,2,32,30,2027-01-01,15.85
FI003127,F014,C387,38,4,4,34,30,2027-01-01,17.20
FI003128,F014,C388,19,2,2,17,15,2027-01-01,17.65
FI003129,F014,C390,0,0,0,0,0,2027-01-01,18.55
FI003130,F014,C393,12,0,2,12,10,2027-01-01,19.90
FI003131,F014,C394,30,1,2,29,27,2027-01-01,20.35
FI003132,F014,C395,66,0,4,66,62,2027-01-01,20.80
FI003133,F014,C399,132,8,8,124,116,2027-01-01,22.60
FI003134,F014,C400,33,1,2,32,30,2027-01-01,23.05
FI003135,F014,C402,124,4,8,120,112,2027-01-01,1.45
FI003136,F014,C406,34,1,2,33,31,2027-01-01,3.25
FI003137,F014,C407,48,0,8,48,40,2027-01-01,3.70
FI003138,F014,C410,84,8,8,76,68,2027-01-01,5.05
FI003139,F014,C412,36,2,2,34,32,2027-01-01,5.95
FI003140,F014,C414,36,2,4,34,30,2027-01-01,6.85
FI003141,F014,C416,12,0,2,12,10,2027-01-01,7.75
FI003142,F014,C421,14,0,2,14,12,2027-01-01,10.00
FI003143,F014,C422,140,8,8,132,124,2027-01-01,10.45
FI003144,F014,C423,68,0,8,68,60,2027-01-01,10.90
FI003145,F014,C424,22,0,2,22,20,2027-01-01,11.35
FI003146,F014,C427,24,4,4,20,16,2027-01-01,12.70
FI003147,F014,C434,31,1,2,30,28,2027-01-01,15.85
FI003148,F014,C440,13,2,2,11,9,2027-01-01,18.55
FI003149,F014,C441,22,0,2,22,20,2027-01-01,19.00
FI003150,F014,C442,60,4,8,56,48,2027-01-01,19.45
FI003151,F014,C443,22,1,2,21,19,2027-01-01,19.90
FI003152,F014,C447,23,0,2,23,21,2027-01-01,21.70
FI003153,F014,C451,33,0,2,33,31,2027-01-01,1.00
FI003154,F014,C453,16,0,2,16,14,2027-01-01,1.90
FI003155,F014,C456,38,1,2,37,35,2027-01-01,3.25
FI003156,F014,C458,50,0,4,50,46,2027-01-01,4.15
FI003157,F014,C461,160,0,8,160,152,2027-01-01,5.50
FI003158,F014,C463,23,1,2,22,20,2027-01-01,6.40
FI003159,F014,C464,66,0,4,66,62,2027-01-01,6.85
FI003160,F014,C467,24,2,2,22,20,2027-01-01,8.20
FI003161,F014,C468,38,0,2,38,36,2027-01-01,8.65
FI003162,F014,C470,36,2,4,34,30,2027-01-01,9.55
FI003163,F014,C473,23,1,2,22,20,2027-01-01,10.90
FI003164,F014,C478,0,0,0,0,0,2027-01-01,13.15
FI003165,F014,C479,72,4,4,68,64,2027-01-01,13.60
FI003166,F014,C480,66,2,4,64,60,2027-01-01,14.05
FI003167,F014,C482,144,4,8,140,132,2027-01-01,14.95
FI003168,F014,C484,34,0,4,34,30,2027-01-01,15.85
FI003169,F014,C487,14,1,2,13,11,2027-01-01,17.20
FI003170,F014,C489,92,4,8,88,80,2027-01-01,18.10
FI003171,F014,C493,62,2,4,60,56,2027-01-01,19.90
FI003172,F014,C495,64,4,4,60,56,2027-01-01,20.80
FI003173,F014,C496,37,2,2,35,33,2027-01-01,21.25
FI003174,F014,C497,31,0,2,31,29,2027-01-01,21.70
FI003175,F014,C500,22,2,2,20,18,2027-01-01,23.05
FI003176,F015,C001,26,2,2,24,22,2027-01-01,1.00
FI003177,F015,C002,124,8,8,116,108,2027-01-01,1.45
FI003178,F015,C003,148,4,8,144,136,2027-01-01,1.90
FI003179,F015,C004,120,4,8,116,108,2027-01-01,2.35
FI003180,F015,C005,96,4,8,92,84,2027-01-01,2.80
FI003181,F015,C006,68,0,4,68,64,2027-01-01,3.25
FI003182,F015,C007,144,8,8,136,128,2027-01-01,3.70
FI003183,F015,C008,104,0,8,104,96,2027-01-01,4.15
FI003184,F015,C009,64,0,8,64,56,2027-01-01,4.60
FI003185,F015,C010,148,4,8,144,136,2027-01-01,5.05
FI003186,F015,C011,160,0,8,160,152,2027-01-01,5.50
FI003187,F015,C012,32,0,4,32,28,2027-01-01,5.95
FI003188,F015,C013,68,8,8,60,52,2027-01-01,6.40
FI003189,F015,C014,96,0,8,96,88,2027-01-01,6.85
FI003190,F015,C015,96,4,8,92,84,2027-01-01,7.30
FI003191,F015,C016,72,0,4,72,68,2027-01-01,7.75
FI003192,F015,C017,26,0,4,26,22,2027-01-01,8.20
FI003193,F015,C018,60,2,4,58,54,2027-01-01,8.65
FI003194,F015,C019,30,0,2,30,28,2027-01-01,9.10
FI003195,F015,C020,21,2,2,19,17,2027-01-01,9.55
FI003196,F015,C021,68,4,4,64,60,2027-01-01,10.00
FI003197,F015,C022,88,4,8,84,76,2027-01-01,10.45
FI003198,F015,C023,84,0,8,84,76,2027-01-01,10.90
FI003199,F015,C024,116,4,8,112,104,2027-01-01,11.35
FI003200,F015,C026,38,1,2,37,35,2027-01-01,12.25
FI003201,F015,C028,148,4,8,144,136,2027-01-01,13.15
FI003202,F015,C029,100,4,8,96,88,2027-01-01,13.60
FI003203,F015,C030,88,8,8,80,72,2027-01-01,14.05
FI003204,F015,C031,28,0,4,28,24,2027-01-01,14.50
FI003205,F015,C033,84,4,8,80,72,2027-01-01,15.40
FI003206,F015,C035,38,1,2,37,35,2027-01-01,16.30
FI003207,F015,C037,92,0,8,92,84,2027-01-01,17.20
FI003208,F015,C038,60,4,4,56,52,2027-01-01,17.65
FI003209,F015,C041,28,2,2,26,24,2027-01-01,19.00
FI003210,F015,C042,39,1,2,38,36,2027-01-01,19.45
FI003211,F015,C044,34,4,4,30,26,2027-01-01,20.35
FI003212,F015,C045,136,8,8,128,120,2027-01-01,20.80
FI003213,F015,C046,116,0,8,116,108,2027-01-01,21.25
FI003214,F015,C047,16,2,2,14,12,2027-01-01,21.70
FI003215,F015,C049,52,4,4,48,44,2027-01-01,22.60
FI003216,F015,C051,80,8,8,72,64,2027-01-01,1.00
FI003217,F015,C053,62,2,4,60,56,2027-01-01,1.90
FI003218,F015,C054,62,4,4,58,54,2027-01-01,2.35
FI003219,F015,C055,37,1,2,36,34,2027-01-01,2.80
FI003220,F015,C056,30,2,2,28,26,2027-01-01,3.25
FI003221,F015,C057,33,2,2,31,29,2027-01-01,3.70
FI003222,F015,C058,104,8,8,96,88,2027-01-01,4.15
FI003223,F015,C061,52,4,8,48,40,2027-01-01,5.50
FI003224,F015,C064,78,0,4,78,74,2027-01-01,6.85
FI003225,F015,C070,28,0,4,28,24,2027-01-01,9.55
FI003226,F015,C071,14,0,2,14,12,2027-01-01,10.00
FI003227,F015,C073,30,4,4,26,22,2027-01-01,10.90
FI003228,F015,C075,36,1,2,35,33,2027-01-01,11.80
FI003229,F015,C076,60,0,4,60,56,2027-01-01,12.25
FI003230,F015,C081,31,2,2,29,27,2027-01-01,14.50
FI003231,F015,C083,18,2,2,16,14,2027-01-01,15.40
FI003232,F015,C086,28,2,4,26,22,2027-01-01,16.75
FI003233,F015,C087,80,2,4,78,74,2027-01-01,17.20
FI003234,F015,C096,39,0,2,39,37,2027-01-01,21.25
FI003235,F015,C105,0,0,0,0,0,2027-01-01,2.80
FI003236,F015,C113,116,0,8,116,108,2027-01-01,6.40
FI003237,F015,C114,26,0,2,26,24,2027-01-01,6.85
FI003238,F015,C115,128,8,8,120,112,2027-01-01,7.30
FI003239,F015,C121,56,0,8,56,48,2027-01-01,10.00
FI003240,F015,C122,31,1,2,30,28,2027-01-01,10.45
FI003241,F015,C123,52,4,4,48,44,2027-01-01,10.90
FI003242,F015,C124,68,2,4,66,62,2027-01-01,11.35
FI003243,F015,C126,152,4,8,148,140,2027-01-01,12.25
FI003244,F015,C127,92,4,8,88,80,2027-01-01,12.70
FI003245,F015,C131,26,0,2,26,24,2027-01-01,14.50
FI003246,F015,C133,12,1,2,11,9,2027-01-01,15.40
FI003247,F015,C135,31,1,2,30,28,2027-01-01,16.30
FI003248,F015,C136,28,4,4,24,20,2027-01-01,16.75
FI003249,F015,C139,39,2,2,37,35,2027-01-01,18.10
FI003250,F015,C140,70,4,4,66,62,2027-01-01,18.55
FI003251,F015,C150,36,2,4,34,30,2027-01-01,23.05
FI003252,F015,C153,16,1,2,15,13,2027-01-01,1.90
FI003253,F015,C156,52,0,4,52,48,2027-01-01,3.25
FI003254,F015,C157,19,2,2,17,15,2027-01-01,3.70
FI003255,F015,C158,78,4,4,74,70,2027-01-01,4.15
FI003256,F015,C163,50,4,4,46,42,2027-01-01,6.40
FI003257,F015,C164,33,1,2,32,30,2027-01-01,6.85
FI003258,F015,C170,18,0,2,18,16,2027-01-01,9.55
FI003259,F015,C171,28,4,4,24,20,2027-01-01,10.00
FI003260,F015,C173,21,2,2,19,17,2027-01-01,10.90
FI003261,F015,C174,68,4,8,64,56,2027-01-01,11.35
FI003262,F015,C175,27,2,2,25,23,2027-01-01,11.80
FI003263,F015,C182,60,4,4,56,52,2027-01-01,14.95
FI003264,F015,C184,70,4,4,66,62,2027-01-01,15.85
FI003265,F015,C185,21,2,2,19,17,2027-01-01,16.30
FI003266,F015,C186,26,2,4,24,20,2027-01-01,16.75
FI003267,F015,C191,156,4,8,152,144,2027-01-01,19.00
FI003268,F015,C192,62,4,4,58,54,2027-01-01,19.45
FI003269,F015,C194,36,0,2,36,34,2027-01-01,20.35
FI003270,F015,C195,36,0,2,36,34,2027-01-01,20.80
FI003271,F015,C196,37,1,2,36,34,2027-01-01,21.25
FI003272,F015,C198,21,2,2,19,17,2027-01-01,22.15
FI003273,F015,C200,23,1,2,22,20,2027-01-01,23.05
FI003274,F015,C201,23,2,2,21,19,2027-01-01,1.00
FI003275,F015,C203,24,0,4,24,20,2027-01-01,1.90
FI003276,F015,C206,36,4,4,32,28,2027-01-01,3.25
FI003277,F015,C208,24,0,2,24,22,2027-01-01,4.15
FI003278,F015,C209,33,2,2,31,29,2027-01-01,4.60
FI003279,F015,C210,38,1,2,37,35,2027-01-01,5.05
FI003280,F015,C212,60,4,4,56,52,2027-01-01,5.95
FI003281,F015,C217,34,1,2,33,31,2027-01-01,8.20
FI003282,F015,C225,32,0,2,32,30,2027-01-01,11.80
FI003283,F015,C226,22,2,2,20,18,2027-01-01,12.25
FI003284,F015,C227,0,0,0,0,0,2027-01-01,12.70
FI003285,F015,C229,92,8,8,84,76,2027-01-01,13.60
FI003286,F015,C231,14,1,2,13,11,2027-01-01,14.50
FI003287,F015,C237,104,8,8,96,88,2027-01-01,17.20
FI003288,F015,C239,48,0,4,48,44,2027-01-01,18.10
FI003289,F015,C241,22,0,2,22,20,2027-01-01,19.00
FI003290,F015,C243,74,4,4,70,66,2027-01-01,19.90
FI003291,F015,C244,72,4,8,68,60,2027-01-01,20.35
FI003292,F015,C246,140,8,8,132,124,2027-01-01,21.25
FI003293,F015,C247,66,2,4,64,60,2027-01-01,21.70
FI003294,F015,C249,24,2,2,22,20,2027-01-01,22.60
FI003295,F015,C250,120,0,8,120,112,2027-01-01,23.05
FI003296,F015,C251,25,0,2,25,23,2027-01-01,1.00
FI003297,F015,C252,33,1,2,32,30,2027-01-01,1.45
FI003298,F015,C256,0,0,0,0,0,2027-01-01,3.25
FI003299,F015,C260,18,2,2,16,14,2027-01-01,5.05
FI003300,F015,C264,23,1,2,22,20,2027-01-01,6.85
FI003301,F015,C265,19,2,2,17,15,2027-01-01,7.30
FI003302,F015,C266,78,4,4,74,70,2027-01-01,7.75
FI003303,F015,C274,19,1,2,18,16,2027-01-01,11.35
FI003304,F015,C275,40,4,4,36,32,2027-01-01,11.80
FI003305,F015,C276,112,4,8,108,100,2027-01-01,12.25
FI003306,F015,C278,64,0,4,64,60,2027-01-01,13.15
FI003307,F015,C279,37,1,2,36,34,2027-01-01,13.60
FI003308,F015,C280,31,1,2,30,28,2027-01-01,14.05
FI003309,F015,C282,40,0,2,40,38,2027-01-01,14.95
FI003310,F015,C284,140,4,8,136,128,2027-01-01,15.85
FI003311,F015,C285,74,2,4,72,68,2027-01-01,16.30
FI003312,F015,C288,38,0,4,38,34,2027-01-01,17.65
FI003313,F015,C290,19,2,2,17,15,2027-01-01,18.55
FI003314,F015,C292,39,0,2,39,37,2027-01-01,19.45
FI003315,F015,C295,38,2,2,36,34,2027-01-01,20.80
FI003316,F015,C296,44,0,4,44,40,2027-01-01,21.25
FI003317,F015,C297,46,0,4,46,42,2027-01-01,21.70
FI003318,F015,C300,68,4,4,64,60,2027-01-01,23.05
FI003319,F015,C306,28,0,4,28,24,2027-01-01,3.25
FI003320,F015,C308,24,2,4,22,18,2027-01-01,4.15
FI003321,F015,C311,60,0,8,60,52,2027-01-01,5.50
FI003322,F015,C312,38,2,2,36,34,2027-01-01,5.95
FI003323,F015,C313,28,1,2,27,25,2027-01-01,6.40
FI003324,F015,C319,148,0,8,148,140,2027-01-01,9.10
FI003325,F015,C322,22,2,2,20,18,2027-01-01,10.45
FI003326,F015,C324,136,8,8,128,120,2027-01-01,11.35
FI003327,F015,C327,13,0,2,13,11,2027-01-01,12.70
FI003328,F015,C328,29,2,2,27,25,2027-01-01,13.15
FI003329,F015,C330,20,1,2,19,17,2027-01-01,14.05
FI003330,F015,C336,38,2,4,36,32,2027-01-01,16.75
FI003331,F015,C344,30,2,4,28,24,2027-01-01,20.35
FI003332,F015,C345,0,0,0,0,0,2027-01-01,20.80
FI003333,F015,C351,13,0,2,13,11,2027-01-01,1.00
FI003334,F015,C353,31,1,2,30,28,2027-01-01,1.90
FI003335,F015,C355,46,4,4,42,38,2027-01-01,2.80
FI003336,F015,C360,29,1,2,28,26,2027-01-01,5.05
FI003337,F015,C361,32,0,4,32,28,2027-01-01,5.50
FI003338,F015,C362,38,2,2,36,34,2027-01-01,5.95
FI003339,F015,C363,28,0,2,28,26,2027-01-01,6.40
FI003340,F015,C366,56,2,4,54,50,2027-01-01,7.75
FI003341,F015,C371,120,0,8,120,112,2027-01-01,10.00
FI003342,F015,C383,12,0,2,12,10,2027-01-01,15.40
FI003343,F015,C386,56,8,8,48,40,2027-01-01,16.75
FI003344,F015,C388,35,0,2,35,33,2027-01-01,17.65
FI003345,F015,C389,23,2,2,21,19,2027-01-01,18.10
FI003346,F015,C390,108,8,8,100,92,2027-01-01,18.55
FI003347,F015,C393,32,4,4,28,24,2027-01-01,19.90
FI003348,F015,C395,56,0,8,56,48,2027-01-01,20.80
FI003349,F015,C397,44,4,4,40,36,2027-01-01,21.70
FI003350,F015,C399,26,1,2,25,23,2027-01-01,22.60
FI003351,F015,C401,116,4,8,112,104,2027-01-01,1.00
FI003352,F015,C402,60,8,8,52,44,2027-01-01,1.45
FI003353,F015,C405,58,0,4,58,54,2027-01-01,2.80
FI003354,F015,C406,54,4,4,50,46,2027-01-01,3.25
FI003355,F015,C407,33,0,2,33,31,2027-01-01,3.70
FI003356,F015,C408,16,2,2,14,12,2027-01-01,4.15
FI003357,F015,C411,39,0,2,39,37,2027-01-01,5.50
FI003358,F015,C413,0,0,0,0,0,2027-01-01,6.40
FI003359,F015,C414,34,0,2,34,32,2027-01-01,6.85
FI003360,F015,C417,22,1,2,21,19,2027-01-01,8.20
FI003361,F015,C422,152,8,8,144,136,2027-01-01,10.45
FI003362,F015,C424,58,0,4,58,54,2027-01-01,11.35
FI003363,F015,C427,39,1,2,38,36,2027-01-01,12.70
FI003364,F015,C431,32,2,4,30,26,2027-01-01,14.50
FI003365,F015,C433,56,2,4,54,50,2027-01-01,15.40
FI003366,F015,C435,26,0,4,26,22,2027-01-01,16.30
FI003367,F015,C437,29,2,2,27,25,2027-01-01,17.20
FI003368,F015,C439,33,2,2,31,29,2027-01-01,18.10
FI003369,F015,C441,0,0,0,0,0,2027-01-01,19.00
FI003370,F015,C443,68,0,4,68,64,2027-01-01,19.90
FI003371,F015,C453,54,0,4,54,50,2027-01-01,1.90
FI003372,F015,C456,160,0,8,160,152,2027-01-01,3.25
FI003373,F015,C457,72,2,4,70,66,2027-01-01,3.70
FI003374,F015,C459,15,1,2,14,12,2027-01-01,4.60
FI003375,F015,C463,70,0,4,70,66,2027-01-01,6.40
FI003376,F015,C467,30,1,2,29,27,2027-01-01,8.20
FI003377,F015,C469,48,4,4,44,40,2027-01-01,9.10
FI003378,F015,C470,46,0,4,46,42,2027-01-01,9.55
FI003379,F015,C473,76,0,4,76,72,2027-01-01,10.90
FI003380,F015,C474,34,2,4,32,28,2027-01-01,11.35
FI003381,F015,C476,60,8,8,52,44,2027-01-01,12.25
FI003382,F015,C478,16,1,2,15,13,2027-01-01,13.15
FI003383,F015,C480,84,0,8,84,76,2027-01-01,14.05
FI003384,F015,C481,96,0,8,96,88,2027-01-01,14.50
FI003385,F015,C486,39,1,2,38,36,2027-01-01,16.75
FI003386,F015,C487,24,4,4,20,16,2027-01-01,17.20
FI003387,F015,C488,76,0,4,76,72,2027-01-01,17.65
FI003388,F015,C489,40,0,4,40,36,2027-01-01,18.10
FI003389,F015,C491,132,4,8,128,120,2027-01-01,19.00
FI003390,F015,C496,15,1,2,14,12,2027-01-01,21.25
FI003391,F015,C499,22,0,2,22,20,2027-01-01,22.60
FI003392,F016,C001,148,0,8,148,140,2027-01-01,1.00
FI003393,F016,C002,60,4,8,56,48,2027-01-01,1.45
FI003394,F016,C003,60,4,8,56,48,2027-01-01,1.90
FI003395,F016,C004,96,8,8,88,80,2027-01-01,2.35
FI003396,F016,C005,124,0,8,124,116,2027-01-01,2.80
FI003397,F016,C006,88,0,8,88,80,2027-01-01,3.25
FI003398,F016,C007,108,8,8,100,92,2027-01-01,3.70
FI003399,F016,C008,48,8,8,40,32,2027-01-01,4.15
FI003400,F016,C009,68,4,8,64,56,2027-01-01,4.60
FI003401,F016,C010,40,2,4,38,34,2027-01-01,5.05
FI003402,F016,C011,32,0,4,32,28,2027-01-01,5.50
FI003403,F016,C012,58,2,4,56,52,2027-01-01,5.95
FI003404,F016,C013,112,4,8,108,100,2027-01-01,6.40
FI003405,F016,C014,100,0,8,100,92,2027-01-01,6.85
FI003406,F016,C015,76,4,4,72,68,2027-01-01,7.30
FI003407,F016,C016,92,0,8,92,84,2027-01-01,7.75
FI003408,F016,C017,60,2,4,58,54,2027-01-01,8.20
FI003409,F016,C018,156,4,8,152,144,2027-01-01,8.65
FI003410,F016,C019,56,8,8,48,40,2027-01-01,9.10
FI003411,F016,C020,140,4,8,136,128,2027-01-01,9.55
FI003412,F016,C021,0,0,0,0,0,2027-01-01,10.00
FI003413,F016,C022,56,0,8,56,48,2027-01-01,10.45
FI003414,F016,C023,38,2,4,36,32,2027-01-01,10.90
FI003415,F016,C024,132,4,8,128,120,2027-01-01,11.35
FI003416,F016,C025,22,1,2,21,19,2027-01-01,11.80
FI003417,F016,C026,68,4,4,64,60,2027-01-01,12.25
FI003418,F016,C027,38,0,4,38,34,2027-01-01,12.70
FI003419,F016,C028,0,0,0,0,0,2027-01-01,13.15
FI003420,F016,C029,52,4,4,48,44,2027-01-01,13.60
FI003421,F016,C030,132,8,8,124,116,2027-01-01,14.05
FI003422,F016,C033,156,0,8,156,148,2027-01-01,15.40
FI003423,F016,C034,40,0,4,40,36,2027-01-01,15.85
FI003424,F016,C036,70,0,4,70,66,2027-01-01,16.75
FI003425,F016,C037,88,0,8,88,80,2027-01-01,17.20
FI003426,F016,C040,16,1,2,15,13,2027-01-01,18.55
FI003427,F016,C042,38,0,2,38,36,2027-01-01,19.45
FI003428,F016,C043,74,2,4,72,68,2027-01-01,19.90
FI003429,F016,C044,66,2,4,64,60,2027-01-01,20.35
FI003430,F016,C045,56,4,4,52,48,2027-01-01,20.80
FI003431,F016,C046,160,8,8,152,144,2027-01-01,21.25
FI003432,F016,C047,33,1,2,32,30,2027-01-01,21.70
FI003433,F016,C048,76,4,4,72,68,2027-01-01,22.15
FI003434,F016,C049,92,0,8,92,84,2027-01-01,22.60
FI003435,F016,C051,26,4,4,22,18,2027-01-01,1.00
FI003436,F016,C052,48,2,4,46,42,2027-01-01,1.45
FI003437,F016,C053,0,0,0,0,0,2027-01-01,1.90
FI003438,F016,C054,19,1,2,18,16,2027-01-01,2.35
FI003439,F016,C056,24,0,4,24,20,2027-01-01,3.25
FI003440,F016,C058,72,0,8,72,64,2027-01-01,4.15
FI003441,F016,C060,28,2,2,26,24,2027-01-01,5.05
FI003442,F016,C067,108,8,8,100,92,2027-01-01,8.20
FI003443,F016,C070,124,0,8,124,116,2027-01-01,9.55
FI003444,F016,C071,29,0,2,29,27,2027-01-01,10.00
FI003445,F016,C072,36,2,2,34,32,2027-01-01,10.45
FI003446,F016,C075,76,4,8,72,64,2027-01-01,11.80
FI003447,F016,C076,100,4,8,96,88,2027-01-01,12.25
FI003448,F016,C077,0,0,0,0,0,2027-01-01,12.70
FI003449,F016,C079,144,0,8,144,136,2027-01-01,13.60
FI003450,F016,C080,26,2,2,24,22,2027-01-01,14.05
FI003451,F016,C082,30,0,4,30,26,2027-01-01,14.95
FI003452,F016,C086,52,0,4,52,48,2027-01-01,16.75
FI003453,F016,C089,17,2,2,15,13,2027-01-01,18.10
FI003454,F016,C091,96,4,8,92,84,2027-01-01,19.00
FI003455,F016,C092,34,2,4,32,28,2027-01-01,19.45
FI003456,F016,C099,24,0,2,24,22,2027-01-01,22.60
FI003457,F016,C100,100,8,8,92,84,2027-01-01,23.05
FI003458,F016,C102,128,4,8,124,116,2027-01-01,1.45
FI003459,F016,C104,26,2,4,24,20,2027-01-01,2.35
FI003460,F016,C108,25,0,2,25,23,2027-01-01,4.15
FI003461,F016,C111,68,2,4,66,62,2027-01-01,5.50
FI003462,F016,C121,48,0,8,48,40,2027-01-01,10.00
FI003463,F016,C123,17,1,2,16,14,2027-01-01,10.90
FI003464,F016,C128,29,0,2,29,27,2027-01-01,13.15
FI003465,F016,C129,26,0,2,26,24,2027-01-01,13.60
FI003466,F016,C131,80,0,8,80,72,2027-01-01,14.50
FI003467,F016,C133,144,0,8,144,136,2027-01-01,15.40
FI003468,F016,C136,40,4,4,36,32,2027-01-01,16.75
FI003469,F016,C138,35,1,2,34,32,2027-01-01,17.65
FI003470,F016,C156,18,0,2,18,16,2027-01-01,3.25
FI003471,F016,C157,13,1,2,12,10,2027-01-01,3.70
FI003472,F016,C160,20,1,2,19,17,2027-01-01,5.05
FI003473,F016,C161,144,0,8,144,136,2027-01-01,5.50
FI003474,F016,C163,56,4,8,52,44,2027-01-01,6.40
FI003475,F016,C167,52,4,4,48,44,2027-01-01,8.20
FI003476,F016,C168,54,4,4,50,46,2027-01-01,8.65
FI003477,F016,C170,14,1,2,13,11,2027-01-01,9.55
FI003478,F016,C172,31,0,2,31,29,2027-01-01,10.45
FI003479,F016,C173,152,8,8,144,136,2027-01-01,10.90
FI003480,F016,C176,46,2,4,44,40,2027-01-01,12.25
FI003481,F016,C177,74,0,4,74,70,2027-01-01,12.70
FI003482,F016,C179,70,4,4,66,62,2027-01-01,13.60
FI003483,F016,C181,68,8,8,60,52,2027-01-01,14.50
FI003484,F016,C183,32,0,4,32,28,2027-01-01,15.40
FI003485,F016,C185,30,2,4,28,24,2027-01-01,16.30
FI003486,F016,C190,52,0,8,52,44,2027-01-01,18.55
FI003487,F016,C192,28,1,2,27,25,2027-01-01,19.45
FI003488,F016,C196,32,0,2,32,30,2027-01-01,21.25
FI003489,F016,C197,29,1,2,28,26,2027-01-01,21.70
FI003490,F016,C200,34,1,2,33,31,2027-01-01,23.05
FI003491,F016,C203,52,4,4,48,44,2027-01-01,1.90
FI003492,F016,C204,100,0,8,100,92,2027-01-01,2.35
FI003493,F016,C205,12,2,2,10,8,2027-01-01,2.80
FI003494,F016,C206,74,2,4,72,68,2027-01-01,3.25
FI003495,F016,C208,56,4,4,52,48,2027-01-01,4.15
FI003496,F016,C212,136,0,8,136,128,2027-01-01,5.95
FI003497,F016,C217,72,0,8,72,64,2027-01-01,8.20
FI003498,F016,C218,26,0,4,26,22,2027-01-01,8.65
FI003499,F016,C226,32,2,2,30,28,2027-01-01,12.25
FI003500,F016,C228,32,0,2,32,30,2027-01-01,13.15
FI003501,F016,C232,68,4,8,64,56,2027-01-01,14.95
FI003502,F016,C234,30,1,2,29,27,2027-01-01,15.85
FI003503,F016,C236,29,2,2,27,25,2027-01-01,16.75
FI003504,F016,C238,152,4,8,148,140,2027-01-01,17.65
FI003505,F016,C242,148,4,8,144,136,2027-01-01,19.45
FI003506,F016,C244,33,0,2,33,31,2027-01-01,20.35
FI003507,F016,C246,136,0,8,136,128,2027-01-01,21.25
FI003508,F016,C247,156,4,8,152,144,2027-01-01,21.70
FI003509,F016,C248,132,8,8,124,116,2027-01-01,22.15
FI003510,F016,C257,27,0,2,27,25,2027-01-01,3.70
FI003511,F016,C262,37,0,2,37,35,2027-01-01,5.95
FI003512,F016,C265,68,0,4,68,64,2027-01-01,7.30
FI003513,F016,C266,38,0,2,38,36,2027-01-01,7.75
FI003514,F016,C267,34,1,2,33,31,2027-01-01,8.20
FI003515,F016,C268,28,4,4,24,20,2027-01-01,8.65
FI003516,F016,C270,68,0,4,68,64,2027-01-01,9.55
FI003517,F016,C274,24,1,2,23,21,2027-01-01,11.35
FI003518,F016,C276,52,4,4,48,44,2027-01-01,12.25
FI003519,F016,C279,25,1,2,24,22,2027-01-01,13.60
FI003520,F016,C282,66,2,4,64,60,2027-01-01,14.95
FI003521,F016,C286,60,4,4,56,52,2027-01-01,16.75
FI003522,F016,C287,80,4,8,76,68,2027-01-01,17.20
FI003523,F016,C289,36,4,4,32,28,2027-01-01,18.10
FI003524,F016,C292,66,4,4,62,58,2027-01-01,19.45
FI003525,F016,C293,35,0,2,35,33,2027-01-01,19.90
FI003526,F016,C295,72,0,4,72,68,2027-01-01,20.80
FI003527,F016,C301,31,2,2,29,27,2027-01-01,1.00
FI003528,F016,C304,64,8,8,56,48,2027-01-01,2.35
FI003529,F016,C306,64,2,4,62,58,2027-01-01,3.25
FI003530,F016,C308,70,4,4,66,62,2027-01-01,4.15
FI003531,F016,C310,32,0,2,32,30,2027-01-01,5.05
FI003532,F016,C312,32,2,4,30,26,2027-01-01,5.95
FI003533,F016,C313,76,0,4,76,72,2027-01-01,6.40
FI003534,F016,C320,24,2,4,22,18,2027-01-01,9.55
FI003535,F016,C321,12,2,2,10,8,2027-01-01,10.00
FI003536,F016,C322,21,2,2,19,17,2027-01-01,10.45
FI003537,F016,C323,52,0,4,52,48,2027-01-01,10.90
FI003538,F016,C326,74,2,4,72,68,2027-01-01,12.25
FI003539,F016,C330,13,0,2,13,11,2027-01-01,14.05
FI003540,F016,C334,34,1,2,33,31,2027-01-01,15.85
FI003541,F016,C335,116,4,8,112,104,2027-01-01,16.30
FI003542,F016,C336,50,4,4,46,42,2027-01-01,16.75
FI003543,F016,C337,160,8,8,152,144,2027-01-01,17.20
FI003544,F016,C341,22,2,2,20,18,2027-01-01,19.00
FI003545,F016,C342,32,2,4,30,26,2027-01-01,19.45
FI003546,F016,C343,52,2,4,50,46,2027-01-01,19.90
FI003547,F016,C344,28,4,4,24,20,2027-01-01,20.35
FI003548,F016,C346,74,4,4,70,66,2027-01-01,21.25
FI003549,F016,C348,30,2,4,28,24,2027-01-01,22.15
FI003550,F016,C349,32,0,2,32,30,2027-01-01,22.60
FI003551,F016,C351,28,1,2,27,25,2027-01-01,1.00
FI003552,F016,C352,72,0,8,72,64,2027-01-01,1.45
FI003553,F016,C354,56,2,4,54,50,2027-01-01,2.35
FI003554,F016,C355,30,2,2,28,26,2027-01-01,2.80
FI003555,F016,C356,17,1,2,16,14,2027-01-01,3.25
FI003556,F016,C357,62,4,4,58,54,2027-01-01,3.70
FI003557,F016,C359,22,2,2,20,18,2027-01-01,4.60
FI003558,F016,C360,15,1,2,14,12,2027-01-01,5.05
FI003559,F016,C363,52,8,8,44,36,2027-01-01,6.40
FI003560,F016,C365,140,4,8,136,128,2027-01-01,7.30
FI003561,F016,C372,66,2,4,64,60,2027-01-01,10.45
FI003562,F016,C373,12,0,2,12,10,2027-01-01,10.90
FI003563,F016,C376,52,0,4,52,48,2027-01-01,12.25
FI003564,F016,C377,64,8,8,56,48,2027-01-01,12.70
FI003565,F016,C378,78,2,4,76,72,2027-01-01,13.15
FI003566,F016,C379,80,0,8,80,72,2027-01-01,13.60
FI003567,F016,C381,76,0,4,76,72,2027-01-01,14.50
FI003568,F016,C382,124,4,8,120,112,2027-01-01,14.95
FI003569,F016,C386,76,0,8,76,68,2027-01-01,16.75
FI003570,F016,C394,92,0,8,92,84,2027-01-01,20.35
FI003571,F016,C400,62,0,4,62,58,2027-01-01,23.05
FI003572,F016,C401,54,4,4,50,46,2027-01-01,1.00
FI003573,F016,C402,27,2,2,25,23,2027-01-01,1.45
FI003574,F016,C403,66,0,4,66,62,2027-01-01,1.90
FI003575,F016,C404,60,4,4,56,52,2027-01-01,2.35
FI003576,F016,C407,12,0,2,12,10,2027-01-01,3.70
FI003577,F016,C409,29,0,2,29,27,2027-01-01,4.60
FI003578,F016,C410,37,2,2,35,33,2027-01-01,5.05
FI003579,F016,C413,23,1,2,22,20,2027-01-01,6.40
FI003580,F016,C419,19,0,2,19,17,2027-01-01,9.10
FI003581,F016,C421,52,4,4,48,44,2027-01-01,10.00
FI003582,F016,C422,70,4,4,66,62,2027-01-01,10.45
FI003583,F016,C423,33,1,2,32,30,2027-01-01,10.90
FI003584,F016,C425,96,8,8,88,80,2027-01-01,11.80
FI003585,F016,C432,13,0,2,13,11,2027-01-01,14.95
FI003586,F016,C433,36,0,4,36,32,2027-01-01,15.40
FI003587,F016,C438,16,0,2,16,14,2027-01-01,17.65
FI003588,F016,C439,108,4,8,104,96,2027-01-01,18.10
FI003589,F016,C443,54,0,4,54,50,2027-01-01,19.90
FI003590,F016,C445,66,4,4,62,58,2027-01-01,20.80
FI003591,F016,C446,46,0,4,46,42,2027-01-01,21.25
FI003592,F016,C447,26,4,4,22,18,2027-01-01,21.70
FI003593,F016,C448,40,2,2,38,36,2027-01-01,22.15
FI003594,F016,C452,19,0,2,19,17,2027-01-01,1.45
FI003595,F016,C453,19,1,2,18,16,2027-01-01,1.90
FI003596,F016,C458,23,1,2,22,20,2027-01-01,4.15
FI003597,F016,C459,12,1,2,11,9,2027-01-01,4.60
FI003598,F016,C460,38,0,2,38,36,2027-01-01,5.05
FI003599,F016,C465,37,2,2,35,33,2027-01-01,7.30
FI003600,F016,C470,78,2,4,76,72,2027-01-01,9.55
FI003601,F016,C472,70,0,4,70,66,2027-01-01,10.45
FI003602,F016,C473,52,4,4,48,44,2027-01-01,10.90
FI003603,F016,C474,30,2,4,28,24,2027-01-01,11.35
FI003604,F016,C480,35,1,2,34,32,2027-01-01,14.05
FI003605,F016,C489,31,0,2,31,29,2027-01-01,18.10
FI003606,F016,C493,28,2,4,26,22,2027-01-01,19.90
FI003607,F016,C494,80,2,4,78,74,2027-01-01,20.35
FI003608,F016,C499,21,2,2,19,17,2027-01-01,22.60
FI003609,F017,C001,140,0,8,140,132,2027-01-01,1.00
FI003610,F017,C002,56,0,8,56,48,2027-01-01,1.45
FI003611,F017,C003,62,4,4,58,54,2027-01-01,1.90
FI003612,F017,C004,60,4,8,56,48,2027-01-01,2.35
FI003613,F017,C005,128,0,8,128,120,2027-01-01,2.80
FI003614,F017,C006,136,0,8,136,128,2027-01-01,3.25
FI003615,F017,C007,54,2,4,52,48,2027-01-01,3.70
FI003616,F017,C008,112,0,8,112,104,2027-01-01,4.15
FI003617,F017,C009,88,0,8,88,80,2027-01-01,4.60
FI003618,F017,C010,108,4,8,104,96,2027-01-01,5.05
FI003619,F017,C011,100,0,8,100,92,2027-01-01,5.50
FI003620,F017,C012,96,0,8,96,88,2027-01-01,5.95
FI003621,F017,C013,96,4,8,92,84,2027-01-01,6.40
FI003622,F017,C014,58,2,4,56,52,2027-01-01,6.85
FI003623,F017,C015,50,0,4,50,46,2027-01-01,7.30
FI003624,F017,C016,68,0,8,68,60,2027-01-01,7.75
FI003625,F017,C017,76,4,8,72,64,2027-01-01,8.20
FI003626,F017,C018,76,8,8,68,60,2027-01-01,8.65
FI003627,F017,C020,52,0,8,52,44,2027-01-01,9.55
FI003628,F017,C021,136,0,8,136,128,2027-01-01,10.00
FI003629,F017,C022,140,0,8,140,132,2027-01-01,10.45
FI003630,F017,C023,72,4,8,68,60,2027-01-01,10.90
FI003631,F017,C024,58,4,4,54,50,2027-01-01,11.35
FI003632,F017,C025,21,1,2,20,18,2027-01-01,11.80
FI003633,F017,C026,72,2,4,70,66,2027-01-01,12.25
FI003634,F017,C027,36,1,2,35,33,2027-01-01,12.70
FI003635,F017,C028,20,0,2,20,18,2027-01-01,13.15
FI003636,F017,C029,38,1,2,37,35,2027-01-01,13.60
FI003637,F017,C030,124,4,8,120,112,2027-01-01,14.05
FI003638,F017,C031,68,4,4,64,60,2027-01-01,14.50
FI003639,F017,C032,28,2,4,26,22,2027-01-01,14.95
FI003640,F017,C033,144,8,8,136,128,2027-01-01,15.40
FI003641,F017,C034,124,0,8,124,116,2027-01-01,15.85
FI003642,F017,C036,17,1,2,16,14,2027-01-01,16.75
FI003643,F017,C037,52,8,8,44,36,2027-01-01,17.20
FI003644,F017,C038,116,8,8,108,100,2027-01-01,17.65
FI003645,F017,C044,12,0,2,12,10,2027-01-01,20.35
FI003646,F017,C045,74,4,4,70,66,2027-01-01,20.80
FI003647,F017,C046,66,2,4,64,60,2027-01-01,21.25
FI003648,F017,C049,62,0,4,62,58,2027-01-01,22.60
FI003649,F017,C050,48,2,4,46,42,2027-01-01,23.05
FI003650,F017,C053,128,0,8,128,120,2027-01-01,1.90
FI003651,F017,C054,0,0,0,0,0,2027-01-01,2.35
FI003652,F017,C056,76,4,4,72,68,2027-01-01,3.25
FI003653,F017,C057,136,0,8,136,128,2027-01-01,3.70
FI003654,F017,C058,0,0,0,0,0,2027-01-01,4.15
FI003655,F017,C060,100,0,8,100,92,2027-01-01,5.05
FI003656,F017,C061,76,4,4,72,68,2027-01-01,5.50
FI003657,F017,C063,38,4,4,34,30,2027-01-01,6.40
FI003658,F017,C065,72,2,4,70,66,2027-01-01,7.30
FI003659,F017,C066,19,2,2,17,15,2027-01-01,7.75
FI003660,F017,C068,72,8,8,64,56,2027-01-01,8.65
FI003661,F017,C071,25,2,2,23,21,2027-01-01,10.00
FI003662,F017,C073,58,4,4,54,50,2027-01-01,10.90
FI003663,F017,C075,66,2,4,64,60,2027-01-01,11.80
FI003664,F017,C076,68,4,8,64,56,2027-01-01,12.25
FI003665,F017,C080,28,2,2,26,24,2027-01-01,14.05
FI003666,F017,C081,68,2,4,66,62,2027-01-01,14.50
FI003667,F017,C082,29,1,2,28,26,2027-01-01,14.95
FI003668,F017,C084,18,0,2,18,16,2027-01-01,15.85
FI003669,F017,C087,52,4,4,48,44,2027-01-01,17.20
FI003670,F017,C089,15,2,2,13,11,2027-01-01,18.10
FI003671,F017,C091,52,2,4,50,46,2027-01-01,19.00
FI003672,F017,C093,68,2,4,66,62,2027-01-01,19.90
FI003673,F017,C095,108,8,8,100,92,2027-01-01,20.80
FI003674,F017,C097,39,0,2,39,37,2027-01-01,21.70
FI003675,F017,C099,27,0,2,27,25,2027-01-01,22.60
FI003676,F017,C102,19,1,2,18,16,2027-01-01,1.45
FI003677,F017,C106,32,2,2,30,28,2027-01-01,3.25
FI003678,F017,C111,12,0,2,12,10,2027-01-01,5.50
FI003679,F017,C112,72,2,4,70,66,2027-01-01,5.95
FI003680,F017,C114,0,0,0,0,0,2027-01-01,6.85
FI003681,F017,C115,17,2,2,15,13,2027-01-01,7.30
FI003682,F017,C121,18,1,2,17,15,2027-01-01,10.00
FI003683,F017,C123,17,2,2,15,13,2027-01-01,10.90
FI003684,F017,C124,0,0,0,0,0,2027-01-01,11.35
FI003685,F017,C125,28,2,4,26,22,2027-01-01,11.80
FI003686,F017,C126,40,0,2,40,38,2027-01-01,12.25
FI003687,F017,C128,148,0,8,148,140,2027-01-01,13.15
FI003688,F017,C130,66,4,4,62,58,2027-01-01,14.05
FI003689,F017,C131,148,0,8,148,140,2027-01-01,14.50
FI003690,F017,C132,28,1,2,27,25,2027-01-01,14.95
FI003691,F017,C133,38,0,2,38,36,2027-01-01,15.40
FI003692,F017,C138,80,2,4,78,74,2027-01-01,17.65
FI003693,F017,C139,22,1,2,21,19,2027-01-01,18.10
FI003694,F017,C143,96,4,8,92,84,2027-01-01,19.90
FI003695,F017,C144,36,2,4,34,30,2027-01-01,20.35
FI003696,F017,C145,29,0,2,29,27,2027-01-01,20.80
FI003697,F017,C149,36,0,2,36,34,2027-01-01,22.60
FI003698,F017,C150,44,0,4,44,40,2027-01-01,23.05
FI003699,F017,C153,26,2,2,24,22,2027-01-01,1.90
FI003700,F017,C155,60,2,4,58,54,2027-01-01,2.80
FI003701,F017,C157,12,2,2,10,8,2027-01-01,3.70
FI003702,F017,C158,62,4,4,58,54,2027-01-01,4.15
FI003703,F017,C160,54,0,4,54,50,2027-01-01,5.05
FI003704,F017,C165,136,0,8,136,128,2027-01-01,7.30
FI003705,F017,C166,48,4,8,44,36,2027-01-01,7.75
FI003706,F017,C169,18,2,2,16,14,2027-01-01,9.10
FI003707,F017,C171,32,2,2,30,28,2027-01-01,10.00
FI003708,F017,C176,13,0,2,13,11,2027-01-01,12.25
FI003709,F017,C179,37,2,2,35,33,2027-01-01,13.60
FI003710,F017,C180,35,2,2,33,31,2027-01-01,14.05
FI003711,F017,C183,33,0,2,33,31,2027-01-01,15.40
FI003712,F017,C185,13,2,2,11,9,2027-01-01,16.30
FI003713,F017,C186,28,4,4,24,20,2027-01-01,16.75
FI003714,F017,C187,50,0,4,50,46,2027-01-01,17.20
FI003715,F017,C188,92,8,8,84,76,2027-01-01,17.65
FI003716,F017,C192,40,2,2,38,36,2027-01-01,19.45
FI003717,F017,C197,68,0,4,68,64,2027-01-01,21.70
FI003718,F017,C199,44,4,4,40,36,2027-01-01,22.60
FI003719,F017,C203,62,2,4,60,56,2027-01-01,1.90
FI003720,F017,C208,39,2,2,37,35,2027-01-01,4.15
FI003721,F017,C210,66,0,4,66,62,2027-01-01,5.05
FI003722,F017,C213,15,2,2,13,11,2027-01-01,6.40
FI003723,F017,C214,40,2,4,38,34,2027-01-01,6.85
FI003724,F017,C215,22,1,2,21,19,2027-01-01,7.30
FI003725,F017,C219,62,4,4,58,54,2027-01-01,9.10
FI003726,F017,C229,60,4,4,56,52,2027-01-01,13.60
FI003727,F017,C233,21,1,2,20,18,2027-01-01,15.40
FI003728,F017,C235,72,0,4,72,68,2027-01-01,16.30
FI003729,F017,C236,19,0,2,19,17,2027-01-01,16.75
FI003730,F017,C237,56,2,4,54,50,2027-01-01,17.20
FI003731,F017,C240,52,0,4,52,48,2027-01-01,18.55
FI003732,F017,C241,60,0,8,60,52,2027-01-01,19.00
FI003733,F017,C242,39,2,2,37,35,2027-01-01,19.45
FI003734,F017,C244,25,2,2,23,21,2027-01-01,20.35
FI003735,F017,C245,66,0,4,66,62,2027-01-01,20.80
FI003736,F017,C246,64,0,4,64,60,2027-01-01,21.25
FI003737,F017,C251,26,4,4,22,18,2027-01-01,1.00
FI003738,F017,C255,76,4,8,72,64,2027-01-01,2.80
FI003739,F017,C257,32,0,2,32,30,2027-01-01,3.70
FI003740,F017,C258,44,4,4,40,36,2027-01-01,4.15
FI003741,F017,C261,34,0,2,34,32,2027-01-01,5.50
FI003742,F017,C262,0,0,0,0,0,2027-01-01,5.95
FI003743,F017,C263,124,0,8,124,116,2027-01-01,6.40
FI003744,F017,C265,62,4,4,58,54,2027-01-01,7.30
FI003745,F017,C268,28,1,2,27,25,2027-01-01,8.65
FI003746,F017,C270,72,0,8,72,64,2027-01-01,9.55
FI003747,F017,C271,72,0,4,72,68,2027-01-01,10.00
FI003748,F017,C272,88,8,8,80,72,2027-01-01,10.45
FI003749,F017,C274,0,0,0,0,0,2027-01-01,11.35
FI003750,F017,C275,44,2,4,42,38,2027-01-01,11.80
FI003751,F017,C279,24,2,2,22,20,2027-01-01,13.60
FI003752,F017,C280,31,2,2,29,27,2027-01-01,14.05
FI003753,F017,C282,15,2,2,13,11,2027-01-01,14.95
FI003754,F017,C283,76,0,4,76,72,2027-01-01,15.40
FI003755,F017,C286,21,0,2,21,19,2027-01-01,16.75
FI003756,F017,C289,56,4,8,52,44,2027-01-01,18.10
FI003757,F017,C290,72,4,4,68,64,2027-01-01,18.55
FI003758,F017,C291,56,2,4,54,50,2027-01-01,19.00
FI003759,F017,C294,30,1,2,29,27,2027-01-01,20.35
FI003760,F017,C295,40,1,2,39,37,2027-01-01,20.80
FI003761,F017,C296,136,4,8,132,124,2027-01-01,21.25
FI003762,F017,C300,56,0,4,56,52,2027-01-01,23.05
FI003763,F017,C303,17,2,2,15,13,2027-01-01,1.90
FI003764,F017,C305,23,2,2,21,19,2027-01-01,2.80
FI003765,F017,C307,96,0,8,96,88,2027-01-01,3.70
FI003766,F017,C308,28,0,4,28,24,2027-01-01,4.15
FI003767,F017,C314,92,8,8,84,76,2027-01-01,6.85
FI003768,F017,C323,62,4,4,58,54,2027-01-01,10.90
FI003769,F017,C324,26,2,2,24,22,2027-01-01,11.35
FI003770,F017,C326,35,2,2,33,31,2027-01-01,12.25
FI003771,F017,C327,15,2,2,13,11,2027-01-01,12.70
FI003772,F017,C334,76,4,4,72,68,2027-01-01,15.85
FI003773,F017,C335,25,0,2,25,23,2027-01-01,16.30
FI003774,F017,C338,128,0,8,128,120,2027-01-01,17.65
FI003775,F017,C342,46,0,4,46,42,2027-01-01,19.45
FI003776,F017,C345,38,1,2,37,35,2027-01-01,20.80
FI003777,F017,C346,80,2,4,78,74,2027-01-01,21.25
FI003778,F017,C350,22,2,2,20,18,2027-01-01,23.05
FI003779,F017,C351,32,2,4,30,26,2027-01-01,1.00
FI003780,F017,C353,19,1,2,18,16,2027-01-01,1.90
FI003781,F017,C354,144,0,8,144,136,2027-01-01,2.35
FI003782,F017,C356,62,4,4,58,54,2027-01-01,3.25
FI003783,F017,C359,140,0,8,140,132,2027-01-01,4.60
FI003784,F017,C361,80,8,8,72,64,2027-01-01,5.50
FI003785,F017,C363,70,0,4,70,66,2027-01-01,6.40
FI003786,F017,C365,112,4,8,108,100,2027-01-01,7.30
FI003787,F017,C366,124,4,8,120,112,2027-01-01,7.75
FI003788,F017,C367,29,1,2,28,26,2027-01-01,8.20
FI003789,F017,C368,52,8,8,44,36,2027-01-01,8.65
FI003790,F017,C376,42,4,4,38,34,2027-01-01,12.25
FI003791,F017,C378,36,0,2,36,34,2027-01-01,13.15
FI003792,F017,C381,25,0,2,25,23,2027-01-01,14.50
FI003793,F017,C383,24,2,4,22,18,2027-01-01,15.40
FI003794,F017,C397,42,2,4,40,36,2027-01-01,21.70
FI003795,F017,C399,80,0,4,80,76,2027-01-01,22.60
FI003796,F017,C401,78,0,4,78,74,2027-01-01,1.00
FI003797,F017,C402,56,0,4,56,52,2027-01-01,1.45
FI003798,F017,C407,15,1,2,14,12,2027-01-01,3.70
FI003799,F017,C408,54,2,4,52,48,2027-01-01,4.15
FI003800,F017,C409,58,0,4,58,54,2027-01-01,4.60
FI003801,F017,C410,46,0,4,46,42,2027-01-01,5.05
FI003802,F017,C411,36,0,2,36,34,2027-01-01,5.50
FI003803,F017,C414,78,2,4,76,72,2027-01-01,6.85
FI003804,F017,C415,124,0,8,124,116,2027-01-01,7.30
FI003805,F017,C419,17,1,2,16,14,2027-01-01,9.10
FI003806,F017,C422,28,4,4,24,20,2027-01-01,10.45
FI003807,F017,C424,160,4,8,156,148,2027-01-01,11.35
FI003808,F017,C425,19,0,2,19,17,2027-01-01,11.80
FI003809,F017,C426,36,2,4,34,30,2027-01-01,12.25
FI003810,F017,C428,132,4,8,128,120,2027-01-01,13.15
FI003811,F017,C431,40,1,2,39,37,2027-01-01,14.50
FI003812,F017,C432,28,0,4,28,24,2027-01-01,14.95
FI003813,F017,C433,35,0,2,35,33,2027-01-01,15.40
FI003814,F017,C435,84,0,8,84,76,2027-01-01,16.30
FI003815,F017,C436,14,0,2,14,12,2027-01-01,16.75
FI003816,F017,C437,54,0,4,54,50,2027-01-01,17.20
FI003817,F017,C444,74,4,4,70,66,2027-01-01,20.35
FI003818,F017,C445,64,0,4,64,60,2027-01-01,20.80
FI003819,F017,C446,72,4,8,68,60,2027-01-01,21.25
FI003820,F017,C447,30,2,2,28,26,2027-01-01,21.70
FI003821,F017,C451,80,8,8,72,64,2027-01-01,1.00
FI003822,F017,C452,30,4,4,26,22,2027-01-01,1.45
FI003823,F017,C453,112,4,8,108,100,2027-01-01,1.90
FI003824,F017,C455,70,2,4,68,64,2027-01-01,2.80
FI003825,F017,C457,37,0,2,37,35,2027-01-01,3.70
FI003826,F017,C458,13,2,2,11,9,2027-01-01,4.15
FI003827,F017,C460,112,4,8,108,100,2027-01-01,5.05
FI003828,F017,C461,34,2,2,32,30,2027-01-01,5.50
FI003829,F017,C464,124,8,8,116,108,2027-01-01,6.85
FI003830,F017,C467,88,0,8,88,80,2027-01-01,8.20
FI003831,F017,C469,56,0,4,56,52,2027-01-01,9.10
FI003832,F017,C474,96,4,8,92,84,2027-01-01,11.35
FI003833,F017,C480,33,0,2,33,31,2027-01-01,14.05
FI003834,F017,C487,74,2,4,72,68,2027-01-01,17.20
FI003835,F017,C496,52,2,4,50,46,2027-01-01,21.25
FI003836,F017,C500,39,2,2,37,35,2027-01-01,23.05
FI003837,F018,C001,58,4,4,54,50,2027-01-01,1.00
FI003838,F018,C002,35,1,2,34,32,2027-01-01,1.45
FI003839,F018,C003,62,4,4,58,54,2027-01-01,1.90
FI003840,F018,C004,40,4,4,36,32,2027-01-01,2.35
FI003841,F018,C005,104,4,8,100,92,2027-01-01,2.80
FI003842,F018,C006,128,8,8,120,112,2027-01-01,3.25
FI003843,F018,C007,112,8,8,104,96,2027-01-01,3.70
FI003844,F018,C008,24,2,4,22,18,2027-01-01,4.15
FI003845,F018,C009,72,4,8,68,60,2027-01-01,4.60
FI003846,F018,C010,50,2,4,48,44,2027-01-01,5.05
FI003847,F018,C011,148,8,8,140,132,2027-01-01,5.50
FI003848,F018,C012,52,8,8,44,36,2027-01-01,5.95
FI003849,F018,C013,136,0,8,136,128,2027-01-01,6.40
FI003850,F018,C014,64,0,4,64,60,2027-01-01,6.85
FI003851,F018,C015,92,8,8,84,76,2027-01-01,7.30
FI003852,F018,C016,42,4,4,38,34,2027-01-01,7.75
FI003853,F018,C017,60,4,8,56,48,2027-01-01,8.20
FI003854,F018,C018,35,2,2,33,31,2027-01-01,8.65
FI003855,F018,C019,14,2,2,12,10,2027-01-01,9.10
FI003856,F018,C020,136,4,8,132,124,2027-01-01,9.55
FI003857,F018,C021,56,4,4,52,48,2027-01-01,10.00
FI003858,F018,C022,124,0,8,124,116,2027-01-01,10.45
FI003859,F018,C023,46,4,4,42,38,2027-01-01,10.90
FI003860,F018,C024,78,0,4,78,74,2027-01-01,11.35
FI003861,F018,C025,20,1,2,19,17,2027-01-01,11.80
FI003862,F018,C026,25,2,2,23,21,2027-01-01,12.25
FI003863,F018,C027,92,0,8,92,84,2027-01-01,12.70
FI003864,F018,C028,70,2,4,68,64,2027-01-01,13.15
FI003865,F018,C029,72,4,8,68,60,2027-01-01,13.60
FI003866,F018,C030,132,4,8,128,120,2027-01-01,14.05
FI003867,F018,C032,46,0,4,46,42,2027-01-01,14.95
FI003868,F018,C033,64,4,8,60,52,2027-01-01,15.40
FI003869,F018,C034,70,0,4,70,66,2027-01-01,15.85
FI003870,F018,C037,160,8,8,152,144,2027-01-01,17.20
FI003871,F018,C040,33,1,2,32,30,2027-01-01,18.55
FI003872,F018,C041,78,2,4,76,72,2027-01-01,19.00
FI003873,F018,C045,100,0,8,100,92,2027-01-01,20.80
FI003874,F018,C046,58,4,4,54,50,2027-01-01,21.25
FI003875,F018,C047,13,2,2,11,9,2027-01-01,21.70
FI003876,F018,C049,52,0,4,52,48,2027-01-01,22.60
FI003877,F018,C053,38,2,2,36,34,2027-01-01,1.90
FI003878,F018,C055,12,0,2,12,10,2027-01-01,2.80
FI003879,F018,C056,96,8,8,88,80,2027-01-01,3.25
FI003880,F018,C057,44,4,4,40,36,2027-01-01,3.70
FI003881,F018,C058,28,0,4,28,24,2027-01-01,4.15
FI003882,F018,C061,58,4,4,54,50,2027-01-01,5.50
FI003883,F018,C063,84,4,8,80,72,2027-01-01,6.40
FI003884,F018,C064,50,2,4,48,44,2027-01-01,6.85
FI003885,F018,C065,96,8,8,88,80,2027-01-01,7.30
FI003886,F018,C067,48,0,4,48,44,2027-01-01,8.20
FI003887,F018,C069,19,1,2,18,16,2027-01-01,9.10
FI003888,F018,C074,34,2,2,32,30,2027-01-01,11.35
FI003889,F018,C076,52,2,4,50,46,2027-01-01,12.25
FI003890,F018,C077,22,2,2,20,18,2027-01-01,12.70
FI003891,F018,C079,33,0,2,33,31,2027-01-01,13.60
FI003892,F018,C080,46,2,4,44,40,2027-01-01,14.05
FI003893,F018,C085,54,2,4,52,48,2027-01-01,16.30
FI003894,F018,C086,38,4,4,34,30,2027-01-01,16.75
FI003895,F018,C087,29,0,2,29,27,2027-01-01,17.20
FI003896,F018,C091,16,2,2,14,12,2027-01-01,19.00
FI003897,F018,C092,21,1,2,20,18,2027-01-01,19.45
FI003898,F018,C093,12,2,2,10,8,2027-01-01,19.90
FI003899,F018,C097,14,0,2,14,12,2027-01-01,21.70
FI003900,F018,C099,0,0,0,0,0,2027-01-01,22.60
FI003901,F018,C101,18,0,2,18,16,2027-01-01,1.00
FI003902,F018,C103,132,4,8,128,120,2027-01-01,1.90
FI003903,F018,C104,40,0,2,40,38,2027-01-01,2.35
FI003904,F018,C105,42,4,4,38,34,2027-01-01,2.80
FI003905,F018,C106,68,0,4,68,64,2027-01-01,3.25
FI003906,F018,C107,28,1,2,27,25,2027-01-01,3.70
FI003907,F018,C115,52,2,4,50,46,2027-01-01,7.30
FI003908,F018,C118,14,2,2,12,10,2027-01-01,8.65
FI003909,F018,C119,40,0,2,40,38,2027-01-01,9.10
FI003910,F018,C121,96,4,8,92,84,2027-01-01,10.00
FI003911,F018,C122,32,0,2,32,30,2027-01-01,10.45
FI003912,F018,C124,64,2,4,62,58,2027-01-01,11.35
FI003913,F018,C129,29,2,2,27,25,2027-01-01,13.60
FI003914,F018,C132,80,2,4,78,74,2027-01-01,14.95
FI003915,F018,C133,0,0,0,0,0,2027-01-01,15.40
FI003916,F018,C134,20,1,2,19,17,2027-01-01,15.85
FI003917,F018,C135,22,2,2,20,18,2027-01-01,16.30
FI003918,F018,C136,29,2,2,27,25,2027-01-01,16.75
FI003919,F018,C138,16,1,2,15,13,2027-01-01,17.65
FI003920,F018,C139,13,1,2,12,10,2027-01-01,18.10
FI003921,F018,C142,78,0,4,78,74,2027-01-01,19.45
FI003922,F018,C144,52,2,4,50,46,2027-01-01,20.35
FI003923,F018,C147,64,8,8,56,48,2027-01-01,21.70
FI003924,F018,C148,104,4,8,100,92,2027-01-01,22.15
FI003925,F018,C149,62,0,4,62,58,2027-01-01,22.60
FI003926,F018,C152,62,0,4,62,58,2027-01-01,1.45
FI003927,F018,C153,66,0,4,66,62,2027-01-01,1.90
FI003928,F018,C154,20,2,2,18,16,2027-01-01,2.35
FI003929,F018,C157,74,4,4,70,66,2027-01-01,3.70
FI003930,F018,C163,42,2,4,40,36,2027-01-01,6.40
FI003931,F018,C166,68,0,4,68,64,2027-01-01,7.75
FI003932,F018,C168,39,1,2,38,36,2027-01-01,8.65
FI003933,F018,C174,38,0,2,38,36,2027-01-01,11.35
FI003934,F018,C176,80,8,8,72,64,2027-01-01,12.25
FI003935,F018,C178,36,2,2,34,32,2027-01-01,13.15
FI003936,F018,C182,54,2,4,52,48,2027-01-01,14.95
FI003937,F018,C186,32,2,2,30,28,2027-01-01,16.75
FI003938,F018,C191,64,0,4,64,60,2027-01-01,19.00
FI003939,F018,C194,15,1,2,14,12,2027-01-01,20.35
FI003940,F018,C197,100,4,8,96,88,2027-01-01,21.70
FI003941,F018,C198,18,1,2,17,15,2027-01-01,22.15
FI003942,F018,C202,26,2,4,24,20,2027-01-01,1.45
FI003943,F018,C206,34,0,2,34,32,2027-01-01,3.25
FI003944,F018,C212,40,4,4,36,32,2027-01-01,5.95
FI003945,F018,C215,42,4,4,38,34,2027-01-01,7.30
FI003946,F018,C225,76,4,8,72,64,2027-01-01,11.80
FI003947,F018,C231,30,0,2,30,28,2027-01-01,14.50
FI003948,F018,C232,16,2,2,14,12,2027-01-01,14.95
FI003949,F018,C233,16,0,2,16,14,2027-01-01,15.40
FI003950,F018,C239,27,0,2,27,25,2027-01-01,18.10
FI003951,F018,C242,70,4,4,66,62,2027-01-01,19.45
FI003952,F018,C243,56,4,4,52,48,2027-01-01,19.90
FI003953,F018,C245,18,1,2,17,15,2027-01-01,20.80
FI003954,F018,C249,19,0,2,19,17,2027-01-01,22.60
FI003955,F018,C251,25,1,2,24,22,2027-01-01,1.00
FI003956,F018,C254,28,2,2,26,24,2027-01-01,2.35
FI003957,F018,C255,136,0,8,136,128,2027-01-01,2.80
FI003958,F018,C258,112,8,8,104,96,2027-01-01,4.15
FI003959,F018,C259,17,1,2,16,14,2027-01-01,4.60
FI003960,F018,C262,31,2,2,29,27,2027-01-01,5.95
FI003961,F018,C269,26,2,2,24,22,2027-01-01,9.10
FI003962,F018,C271,80,0,4,80,76,2027-01-01,10.00
FI003963,F018,C277,18,0,2,18,16,2027-01-01,12.70
FI003964,F018,C286,58,4,4,54,50,2027-01-01,16.75
FI003965,F018,C288,35,2,2,33,31,2027-01-01,17.65
FI003966,F018,C293,72,4,4,68,64,2027-01-01,19.90
FI003967,F018,C296,76,4,8,72,64,2027-01-01,21.25
FI003968,F018,C298,152,8,8,144,136,2027-01-01,22.15
FI003969,F018,C303,31,2,2,29,27,2027-01-01,1.90
FI003970,F018,C308,38,0,4,38,34,2027-01-01,4.15
FI003971,F018,C309,112,0,8,112,104,2027-01-01,4.60
FI003972,F018,C313,23,0,2,23,21,2027-01-01,6.40
FI003973,F018,C314,56,4,8,52,44,2027-01-01,6.85
FI003974,F018,C315,32,0,4,32,28,2027-01-01,7.30
FI003975,F018,C317,28,2,4,26,22,2027-01-01,8.20
FI003976,F018,C320,160,4,8,156,148,2027-01-01,9.55
FI003977,F018,C323,148,8,8,140,132,2027-01-01,10.90
FI003978,F018,C324,92,8,8,84,76,2027-01-01,11.35
FI003979,F018,C330,33,1,2,32,30,2027-01-01,14.05
FI003980,F018,C339,20,2,2,18,16,2027-01-01,18.10
FI003981,F018,C342,32,2,4,30,26,2027-01-01,19.45
FI003982,F018,C343,72,0,8,72,64,2027-01-01,19.90
FI003983,F018,C344,16,2,2,14,12,2027-01-01,20.35
FI003984,F018,C347,21,1,2,20,18,2027-01-01,21.70
FI003985,F018,C350,46,4,4,42,38,2027-01-01,23.05
FI003986,F018,C352,28,2,2,26,24,2027-01-01,1.45
FI003987,F018,C355,60,0,4,60,56,2027-01-01,2.80
FI003988,F018,C357,42,2,4,40,36,2027-01-01,3.70
FI003989,F018,C358,14,1,2,13,11,2027-01-01,4.15
FI003990,F018,C360,19,1,2,18,16,2027-01-01,5.05
FI003991,F018,C361,48,2,4,46,42,2027-01-01,5.50
FI003992,F018,C363,48,4,4,44,40,2027-01-01,6.40
FI003993,F018,C369,72,2,4,70,66,2027-01-01,9.10
FI003994,F018,C379,33,2,2,31,29,2027-01-01,13.60
FI003995,F018,C380,26,0,2,26,24,2027-01-01,14.05
FI003996,F018,C382,72,2,4,70,66,2027-01-01,14.95
FI003997,F018,C387,32,1,2,31,29,2027-01-01,17.20
FI003998,F018,C388,21,2,2,19,17,2027-01-01,17.65
FI003999,F018,C390,30,2,2,28,26,2027-01-01,18.55
FI004000,F018,C391,37,1,2,36,34,2027-01-01,19.00
FI004001,F018,C397,30,0,2,30,28,2027-01-01,21.70
FI004002,F018,C398,23,0,2,23,21,2027-01-01,22.15
FI004003,F018,C400,25,0,2,25,23,2027-01-01,23.05
FI004004,F018,C402,128,0,8,128,120,2027-01-01,1.45
FI004005,F018,C403,39,0,2,39,37,2027-01-01,1.90
FI004006,F018,C404,132,0,8,132,124,2027-01-01,2.35
FI004007,F018,C414,132,0,8,132,124,2027-01-01,6.85
FI004008,F018,C416,50,2,4,48,44,2027-01-01,7.75
FI004009,F018,C417,39,0,2,39,37,2027-01-01,8.20
FI004010,F018,C419,26,2,4,24,20,2027-01-01,9.10
FI004011,F018,C421,12,0,2,12,10,2027-01-01,10.00
FI004012,F018,C423,140,0,8,140,132,2027-01-01,10.90
FI004013,F018,C426,21,0,2,21,19,2027-01-01,12.25
FI004014,F018,C428,152,4,8,148,140,2027-01-01,13.15
FI004015,F018,C429,28,0,2,28,26,2027-01-01,13.60
FI004016,F018,C431,136,8,8,128,120,2027-01-01,14.50
FI004017,F018,C432,30,2,2,28,26,2027-01-01,14.95
FI004018,F018,C433,0,0,0,0,0,2027-01-01,15.40
FI004019,F018,C434,52,4,8,48,40,2027-01-01,15.85
FI004020,F018,C436,0,0,0,0,0,2027-01-01,16.75
FI004021,F018,C437,19,2,2,17,15,2027-01-01,17.20
FI004022,F018,C438,29,2,2,27,25,2027-01-01,17.65
FI004023,F018,C440,17,0,2,17,15,2027-01-01,18.55
FI004024,F018,C441,148,0,8,148,140,2027-01-01,19.00
FI004025,F018,C442,76,2,4,74,70,2027-01-01,19.45
FI004026,F018,C446,34,2,2,32,30,2027-01-01,21.25
FI004027,F018,C447,64,4,4,60,56,2027-01-01,21.70
FI004028,F018,C451,76,4,4,72,68,2027-01-01,1.00
FI004029,F018,C456,40,2,4,38,34,2027-01-01,3.25
FI004030,F018,C457,64,0,8,64,56,2027-01-01,3.70
FI004031,F018,C459,40,2,4,38,34,2027-01-01,4.60
FI004032,F018,C461,96,0,8,96,88,2027-01-01,5.50
FI004033,F018,C462,18,1,2,17,15,2027-01-01,5.95
FI004034,F018,C463,136,8,8,128,120,2027-01-01,6.40
FI004035,F018,C467,72,4,4,68,64,2027-01-01,8.20
FI004036,F018,C468,38,2,4,36,32,2027-01-01,8.65
FI004037,F018,C471,42,0,4,42,38,2027-01-01,10.00
FI004038,F018,C473,136,8,8,128,120,2027-01-01,10.90
FI004039,F018,C477,32,4,4,28,24,2027-01-01,12.70
FI004040,F018,C480,68,8,8,60,52,2027-01-01,14.05
FI004041,F018,C485,32,4,4,28,24,2027-01-01,16.30
FI004042,F018,C486,136,8,8,128,120,2027-01-01,16.75
FI004043,F018,C491,24,1,2,23,21,2027-01-01,19.00
FI004044,F018,C492,37,0,2,37,35,2027-01-01,19.45
FI004045,F018,C493,36,1,2,35,33,2027-01-01,19.90
FI004046,F018,C494,17,1,2,16,14,2027-01-01,20.35
FI004047,F018,C497,33,2,2,31,29,2027-01-01,21.70
FI004048,F018,C499,48,2,4,46,42,2027-01-01,22.60
FI004049,F019,C001,28,4,4,24,20,2027-01-01,1.00
FI004050,F019,C002,64,8,8,56,48,2027-01-01,1.45
FI004051,F019,C003,112,4,8,108,100,2027-01-01,1.90
FI004052,F019,C004,60,8,8,52,44,2027-01-01,2.35
FI004053,F019,C005,128,8,8,120,112,2027-01-01,2.80
FI004054,F019,C006,92,4,8,88,80,2027-01-01,3.25
FI004055,F019,C007,64,0,8,64,56,2027-01-01,3.70
FI004056,F019,C008,40,2,4,38,34,2027-01-01,4.15
FI004057,F019,C009,104,0,8,104,96,2027-01-01,4.60
FI004058,F019,C010,70,0,4,70,66,2027-01-01,5.05
FI004059,F019,C011,60,0,8,60,52,2027-01-01,5.50
FI004060,F019,C012,92,4,8,88,80,2027-01-01,5.95
FI004061,F019,C013,96,8,8,88,80,2027-01-01,6.40
FI004062,F019,C014,70,0,4,70,66,2027-01-01,6.85
FI004063,F019,C015,80,8,8,72,64,2027-01-01,7.30
FI004064,F019,C016,62,4,4,58,54,2027-01-01,7.75
FI004065,F019,C017,156,8,8,148,140,2027-01-01,8.20
FI004066,F019,C018,160,0,8,160,152,2027-01-01,8.65
FI004067,F019,C019,132,8,8,124,116,2027-01-01,9.10
FI004068,F019,C020,0,0,0,0,0,2027-01-01,9.55
FI004069,F019,C021,21,0,2,21,19,2027-01-01,10.00
FI004070,F019,C022,88,8,8,80,72,2027-01-01,10.45
FI004071,F019,C023,46,2,4,44,40,2027-01-01,10.90
FI004072,F019,C024,56,8,8,48,40,2027-01-01,11.35
FI004073,F019,C025,50,0,4,50,46,2027-01-01,11.80
FI004074,F019,C027,36,4,4,32,28,2027-01-01,12.70
FI004075,F019,C028,40,4,4,36,32,2027-01-01,13.15
FI004076,F019,C029,76,2,4,74,70,2027-01-01,13.60
FI004077,F019,C030,88,4,8,84,76,2027-01-01,14.05
FI004078,F019,C033,80,4,8,76,68,2027-01-01,15.40
FI004079,F019,C036,96,0,8,96,88,2027-01-01,16.75
FI004080,F019,C037,33,0,2,33,31,2027-01-01,17.20
FI004081,F019,C039,84,4,8,80,72,2027-01-01,18.10
FI004082,F019,C041,132,8,8,124,116,2027-01-01,19.00
FI004083,F019,C042,37,1,2,36,34,2027-01-01,19.45
FI004084,F019,C043,70,4,4,66,62,2027-01-01,19.90
FI004085,F019,C045,56,0,8,56,48,2027-01-01,20.80
FI004086,F019,C047,30,2,2,28,26,2027-01-01,21.70
FI004087,F019,C049,156,4,8,152,144,2027-01-01,22.60
FI004088,F019,C050,46,0,4,46,42,2027-01-01,23.05
FI004089,F019,C055,52,0,4,52,48,2027-01-01,2.80
FI004090,F019,C056,27,0,2,27,25,2027-01-01,3.25
FI004091,F019,C057,34,0,4,34,30,2027-01-01,3.70
FI004092,F019,C058,52,2,4,50,46,2027-01-01,4.15
FI004093,F019,C059,42,0,4,42,38,2027-01-01,4.60
FI004094,F019,C061,88,8,8,80,72,2027-01-01,5.50
FI004095,F019,C063,15,2,2,13,11,2027-01-01,6.40
FI004096,F019,C064,108,4,8,104,96,2027-01-01,6.85
FI004097,F019,C065,68,8,8,60,52,2027-01-01,7.30
FI004098,F019,C067,23,0,2,23,21,2027-01-01,8.20
FI004099,F019,C068,39,1,2,38,36,2027-01-01,8.65
FI004100,F019,C069,19,2,2,17,15,2027-01-01,9.10
FI004101,F019,C070,32,4,4,28,24,2027-01-01,9.55
FI004102,F019,C072,21,2,2,19,17,2027-01-01,10.45
FI004103,F019,C073,152,0,8,152,144,2027-01-01,10.90
FI004104,F019,C075,80,2,4,78,74,2027-01-01,11.80
FI004105,F019,C076,132,8,8,124,116,2027-01-01,12.25
FI004106,F019,C077,76,2,4,74,70,2027-01-01,12.70
FI004107,F019,C080,58,4,4,54,50,2027-01-01,14.05
FI004108,F019,C081,56,0,8,56,48,2027-01-01,14.50
FI004109,F019,C083,25,0,2,25,23,2027-01-01,15.40
FI004110,F019,C084,46,4,4,42,38,2027-01-01,15.85
FI004111,F019,C087,38,2,4,36,32,2027-01-01,17.20
FI004112,F019,C088,39,0,2,39,37,2027-01-01,17.65
FI004113,F019,C090,20,2,2,18,16,2027-01-01,18.55
FI004114,F019,C095,26,1,2,25,23,2027-01-01,20.80
FI004115,F019,C097,23,1,2,22,20,2027-01-01,21.70
FI004116,F019,C098,26,2,2,24,22,2027-01-01,22.15
FI004117,F019,C099,39,2,2,37,35,2027-01-01,22.60
FI004118,F019,C104,33,0,2,33,31,2027-01-01,2.35
FI004119,F019,C105,31,2,2,29,27,2027-01-01,2.80
FI004120,F019,C107,124,0,8,124,116,2027-01-01,3.70
FI004121,F019,C110,148,8,8,140,132,2027-01-01,5.05
FI004122,F019,C111,64,0,4,64,60,2027-01-01,5.50
FI004123,F019,C112,34,1,2,33,31,2027-01-01,5.95
FI004124,F019,C114,72,4,8,68,60,2027-01-01,6.85
FI004125,F019,C118,35,2,2,33,31,2027-01-01,8.65
FI004126,F019,C120,29,1,2,28,26,2027-01-01,9.55
FI004127,F019,C122,48,8,8,40,32,2027-01-01,10.45
FI004128,F019,C123,68,4,4,64,60,2027-01-01,10.90
FI004129,F019,C125,160,0,8,160,152,2027-01-01,11.80
FI004130,F019,C129,84,8,8,76,68,2027-01-01,13.60
FI004131,F019,C132,36,4,4,32,28,2027-01-01,14.95
FI004132,F019,C134,39,2,2,37,35,2027-01-01,15.85
FI004133,F019,C137,80,2,4,78,74,2027-01-01,17.20
FI004134,F019,C140,116,0,8,116,108,2027-01-01,18.55
FI004135,F019,C143,24,4,4,20,16,2027-01-01,19.90
FI004136,F019,C146,44,4,4,40,36,2027-01-01,21.25
FI004137,F019,C148,72,0,4,72,68,2027-01-01,22.15
FI004138,F019,C151,84,0,8,84,76,2027-01-01,1.00
FI004139,F019,C153,160,0,8,160,152,2027-01-01,1.90
FI004140,F019,C154,74,2,4,72,68,2027-01-01,2.35
FI004141,F019,C160,22,1,2,21,19,2027-01-01,5.05
FI004142,F019,C163,70,4,4,66,62,2027-01-01,6.40
FI004143,F019,C166,28,2,4,26,22,2027-01-01,7.75
FI004144,F019,C167,31,1,2,30,28,2027-01-01,8.20
FI004145,F019,C169,148,4,8,144,136,2027-01-01,9.10
FI004146,F019,C170,132,8,8,124,116,2027-01-01,9.55
FI004147,F019,C175,46,4,4,42,38,2027-01-01,11.80
FI004148,F019,C176,38,4,4,34,30,2027-01-01,12.25
FI004149,F019,C177,124,4,8,120,112,2027-01-01,12.70
FI004150,F019,C180,74,0,4,74,70,2027-01-01,14.05
FI004151,F019,C183,40,4,4,36,32,2027-01-01,15.40
FI004152,F019,C188,42,0,4,42,38,2027-01-01,17.65
FI004153,F019,C189,24,0,4,24,20,2027-01-01,18.10
FI004154,F019,C197,29,1,2,28,26,2027-01-01,21.70
FI004155,F019,C198,16,0,2,16,14,2027-01-01,22.15
FI004156,F019,C200,64,8,8,56,48,2027-01-01,23.05
FI004157,F019,C202,36,1,2,35,33,2027-01-01,1.45
FI004158,F019,C204,34,0,4,34,30,2027-01-01,2.35
FI004159,F019,C205,116,0,8,116,108,2027-01-01,2.80
FI004160,F019,C208,30,1,2,29,27,2027-01-01,4.15
FI004161,F019,C211,48,4,4,44,40,2027-01-01,5.50
FI004162,F019,C212,124,8,8,116,108,2027-01-01,5.95
FI004163,F019,C220,0,0,0,0,0,2027-01-01,9.55
FI004164,F019,C225,92,4,8,88,80,2027-01-01,11.80
FI004165,F019,C226,26,2,4,24,20,2027-01-01,12.25
FI004166,F019,C227,72,4,4,68,64,2027-01-01,12.70
FI004167,F019,C228,116,0,8,116,108,2027-01-01,13.15
FI004168,F019,C229,128,0,8,128,120,2027-01-01,13.60
FI004169,F019,C234,29,2,2,27,25,2027-01-01,15.85
FI004170,F019,C241,20,2,2,18,16,2027-01-01,19.00
FI004171,F019,C243,100,8,8,92,84,2027-01-01,19.90
FI004172,F019,C246,60,4,4,56,52,2027-01-01,21.25
FI004173,F019,C247,20,2,2,18,16,2027-01-01,21.70
FI004174,F019,C249,30,2,4,28,24,2027-01-01,22.60
FI004175,F019,C253,156,0,8,156,148,2027-01-01,1.90
FI004176,F019,C261,36,0,2,36,34,2027-01-01,5.50
FI004177,F019,C263,60,2,4,58,54,2027-01-01,6.40
FI004178,F019,C264,24,1,2,23,21,2027-01-01,6.85
FI004179,F019,C267,60,2,4,58,54,2027-01-01,8.20
FI004180,F019,C271,78,0,4,78,74,2027-01-01,10.00
FI004181,F019,C276,72,0,4,72,68,2027-01-01,12.25
FI004182,F019,C279,29,1,2,28,26,2027-01-01,13.60
FI004183,F019,C280,14,1,2,13,11,2027-01-01,14.05
FI004184,F019,C281,24,0,2,24,22,2027-01-01,14.50
FI004185,F019,C282,64,4,4,60,56,2027-01-01,14.95
FI004186,F019,C286,32,2,2,30,28,2027-01-01,16.75
FI004187,F019,C289,22,2,2,20,18,2027-01-01,18.10
FI004188,F019,C292,68,0,4,68,64,2027-01-01,19.45
FI004189,F019,C294,66,4,4,62,58,2027-01-01,20.35
FI004190,F019,C295,16,2,2,14,12,2027-01-01,20.80
FI004191,F019,C296,35,0,2,35,33,2027-01-01,21.25
FI004192,F019,C297,26,1,2,25,23,2027-01-01,21.70
FI004193,F019,C299,38,2,2,36,34,2027-01-01,22.60
FI004194,F019,C303,156,8,8,148,140,2027-01-01,1.90
FI004195,F019,C304,74,0,4,74,70,2027-01-01,2.35
FI004196,F019,C307,42,2,4,40,36,2027-01-01,3.70
FI004197,F019,C308,14,0,2,14,12,2027-01-01,4.15
FI004198,F019,C311,76,4,8,72,64,2027-01-01,5.50
FI004199,F019,C312,26,0,2,26,24,2027-01-01,5.95
FI004200,F019,C314,56,0,4,56,52,2027-01-01,6.85
FI004201,F019,C315,50,0,4,50,46,2027-01-01,7.30
FI004202,F019,C316,23,1,2,22,20,2027-01-01,7.75
FI004203,F019,C319,28,0,4,28,24,2027-01-01,9.10
FI004204,F019,C321,70,4,4,66,62,2027-01-01,10.00
FI004205,F019,C328,25,0,2,25,23,2027-01-01,13.15
FI004206,F019,C329,37,1,2,36,34,2027-01-01,13.60
FI004207,F019,C335,33,0,2,33,31,2027-01-01,16.30
FI004208,F019,C339,96,8,8,88,80,2027-01-01,18.10
FI004209,F019,C340,64,4,4,60,56,2027-01-01,18.55
FI004210,F019,C342,32,4,4,28,24,2027-01-01,19.45
FI004211,F019,C343,35,0,2,35,33,2027-01-01,19.90
FI004212,F019,C351,19,1,2,18,16,2027-01-01,1.00
FI004213,F019,C352,29,1,2,28,26,2027-01-01,1.45
FI004214,F019,C354,54,0,4,54,50,2027-01-01,2.35
FI004215,F019,C357,64,0,4,64,60,2027-01-01,3.70
FI004216,F019,C360,32,2,2,30,28,2027-01-01,5.05
FI004217,F019,C362,36,0,2,36,34,2027-01-01,5.95
FI004218,F019,C364,36,0,4,36,32,2027-01-01,6.85
FI004219,F019,C365,76,0,4,76,72,2027-01-01,7.30
FI004220,F019,C366,32,0,4,32,28,2027-01-01,7.75
FI004221,F019,C369,104,0,8,104,96,2027-01-01,9.10
FI004222,F019,C370,84,0,8,84,76,2027-01-01,9.55
FI004223,F019,C373,18,2,2,16,14,2027-01-01,10.90
FI004224,F019,C374,37,0,2,37,35,2027-01-01,11.35
FI004225,F019,C376,152,4,8,148,140,2027-01-01,12.25
FI004226,F019,C378,160,0,8,160,152,2027-01-01,13.15
FI004227,F019,C382,0,0,0,0,0,2027-01-01,14.95
FI004228,F019,C384,38,0,2,38,36,2027-01-01,15.85
FI004229,F019,C385,132,0,8,132,124,2027-01-01,16.30
FI004230,F019,C388,15,1,2,14,12,2027-01-01,17.65
FI004231,F019,C390,76,4,4,72,68,2027-01-01,18.55
FI004232,F019,C391,34,1,2,33,31,2027-01-01,19.00
FI004233,F019,C392,72,4,4,68,64,2027-01-01,19.45
FI004234,F019,C396,46,2,4,44,40,2027-01-01,21.25
FI004235,F019,C397,39,0,2,39,37,2027-01-01,21.70
FI004236,F019,C399,160,4,8,156,148,2027-01-01,22.60
FI004237,F019,C402,70,2,4,68,64,2027-01-01,1.45
FI004238,F019,C409,31,1,2,30,28,2027-01-01,4.60
FI004239,F019,C412,0,0,0,0,0,2027-01-01,5.95
FI004240,F019,C414,52,2,4,50,46,2027-01-01,6.85
FI004241,F019,C416,18,1,2,17,15,2027-01-01,7.75
FI004242,F019,C425,28,0,2,28,26,2027-01-01,11.80
FI004243,F019,C426,48,4,4,44,40,2027-01-01,12.25
FI004244,F019,C427,24,4,4,20,16,2027-01-01,12.70
FI004245,F019,C429,54,2,4,52,48,2027-01-01,13.60
FI004246,F019,C438,34,0,2,34,32,2027-01-01,17.65
FI004247,F019,C439,144,4,8,140,132,2027-01-01,18.10
FI004248,F019,C443,17,0,2,17,15,2027-01-01,19.90
FI004249,F019,C445,20,0,2,20,18,2027-01-01,20.80
FI004250,F019,C455,40,4,4,36,32,2027-01-01,2.80
FI004251,F019,C456,72,4,4,68,64,2027-01-01,3.25
FI004252,F019,C459,60,2,4,58,54,2027-01-01,4.60
FI004253,F019,C460,84,4,8,80,72,2027-01-01,5.05
FI004254,F019,C461,64,0,4,64,60,2027-01-01,5.50
FI004255,F019,C463,42,2,4,40,36,2027-01-01,6.40
FI004256,F019,C464,16,0,2,16,14,2027-01-01,6.85
FI004257,F019,C465,32,2,4,30,26,2027-01-01,7.30
FI004258,F019,C468,50,4,4,46,42,2027-01-01,8.65
FI004259,F019,C470,39,1,2,38,36,2027-01-01,9.55
FI004260,F019,C477,27,1,2,26,24,2027-01-01,12.70
FI004261,F019,C478,160,0,8,160,152,2027-01-01,13.15
FI004262,F019,C482,60,2,4,58,54,2027-01-01,14.95
FI004263,F019,C485,60,0,4,60,56,2027-01-01,16.30
FI004264,F019,C487,32,2,2,30,28,2027-01-01,17.20
FI004265,F019,C488,66,4,4,62,58,2027-01-01,17.65
FI004266,F019,C490,13,2,2,11,9,2027-01-01,18.55
FI004267,F019,C495,72,2,4,70,66,2027-01-01,20.80
FI004268,F019,C497,78,0,4,78,74,2027-01-01,21.70
FI004269,F019,C499,52,4,4,48,44,2027-01-01,22.60
FI004270,F020,C001,48,0,4,48,44,2027-01-01,1.00
FI004271,F020,C002,92,8,8,84,76,2027-01-01,1.45
FI004272,F020,C003,92,8,8,84,76,2027-01-01,1.90
FI004273,F020,C004,100,0,8,100,92,2027-01-01,2.35
FI004274,F020,C005,84,8,8,76,68,2027-01-01,2.80
FI004275,F020,C006,124,8,8,116,108,2027-01-01,3.25
FI004276,F020,C007,148,4,8,144,136,2027-01-01,3.70
FI004277,F020,C008,120,8,8,112,104,2027-01-01,4.15
FI004278,F020,C009,32,0,4,32,28,2027-01-01,4.60
FI004279,F020,C010,64,4,8,60,52,2027-01-01,5.05
FI004280,F020,C011,96,8,8,88,80,2027-01-01,5.50
FI004281,F020,C012,144,0,8,144,136,2027-01-01,5.95
FI004282,F020,C013,26,4,4,22,18,2027-01-01,6.40
FI004283,F020,C014,68,8,8,60,52,2027-01-01,6.85
FI004284,F020,C015,140,0,8,140,132,2027-01-01,7.30
FI004285,F020,C016,160,8,8,152,144,2027-01-01,7.75
FI004286,F020,C017,156,0,8,156,148,2027-01-01,8.20
FI004287,F020,C018,48,0,4,48,44,2027-01-01,8.65
FI004288,F020,C019,26,0,2,26,24,2027-01-01,9.10
FI004289,F020,C020,64,4,4,60,56,2027-01-01,9.55
FI004290,F020,C021,46,2,4,44,40,2027-01-01,10.00
FI004291,F020,C022,34,0,4,34,30,2027-01-01,10.45
FI004292,F020,C023,58,4,4,54,50,2027-01-01,10.90
FI004293,F020,C024,18,1,2,17,15,2027-01-01,11.35
FI004294,F020,C025,52,0,4,52,48,2027-01-01,11.80
FI004295,F020,C026,48,4,4,44,40,2027-01-01,12.25
FI004296,F020,C027,28,4,4,24,20,2027-01-01,12.70
FI004297,F020,C029,136,8,8,128,120,2027-01-01,13.60
FI004298,F020,C030,108,0,8,108,100,2027-01-01,14.05
FI004299,F020,C031,72,4,8,68,60,2027-01-01,14.50
FI004300,F020,C033,56,8,8,48,40,2027-01-01,15.40
FI004301,F020,C035,14,2,2,12,10,2027-01-01,16.30
FI004302,F020,C037,136,8,8,128,120,2027-01-01,17.20
FI004303,F020,C041,15,0,2,15,13,2027-01-01,19.00
FI004304,F020,C043,140,0,8,140,132,2027-01-01,19.90
FI004305,F020,C044,15,1,2,14,12,2027-01-01,20.35
FI004306,F020,C045,62,2,4,60,56,2027-01-01,20.80
FI004307,F020,C047,120,4,8,116,108,2027-01-01,21.70
FI004308,F020,C049,108,0,8,108,100,2027-01-01,22.60
FI004309,F020,C051,36,0,2,36,34,2027-01-01,1.00
FI004310,F020,C052,46,4,4,42,38,2027-01-01,1.45
FI004311,F020,C055,33,2,2,31,29,2027-01-01,2.80
FI004312,F020,C060,42,2,4,40,36,2027-01-01,5.05
FI004313,F020,C061,0,0,0,0,0,2027-01-01,5.50
FI004314,F020,C063,40,0,2,40,38,2027-01-01,6.40
FI004315,F020,C064,70,2,4,68,64,2027-01-01,6.85
FI004316,F020,C068,0,0,0,0,0,2027-01-01,8.65
FI004317,F020,C069,36,4,4,32,28,2027-01-01,9.10
FI004318,F020,C075,62,2,4,60,56,2027-01-01,11.80
FI004319,F020,C076,50,2,4,48,44,2027-01-01,12.25
FI004320,F020,C079,39,1,2,38,36,2027-01-01,13.60
FI004321,F020,C081,19,1,2,18,16,2027-01-01,14.50
FI004322,F020,C082,29,0,2,29,27,2027-01-01,14.95
FI004323,F020,C085,40,2,2,38,36,2027-01-01,16.30
FI004324,F020,C092,58,4,4,54,50,2027-01-01,19.45
FI004325,F020,C095,30,2,4,28,24,2027-01-01,20.80
FI004326,F020,C096,62,0,4,62,58,2027-01-01,21.25
FI004327,F020,C098,28,1,2,27,25,2027-01-01,22.15
FI004328,F020,C101,17,0,2,17,15,2027-01-01,1.00
FI004329,F020,C103,24,2,4,22,18,2027-01-01,1.90
FI004330,F020,C110,39,1,2,38,36,2027-01-01,5.05
FI004331,F020,C113,28,2,2,26,24,2027-01-01,6.40
FI004332,F020,C114,78,2,4,76,72,2027-01-01,6.85
FI004333,F020,C115,37,1,2,36,34,2027-01-01,7.30
FI004334,F020,C116,74,0,4,74,70,2027-01-01,7.75
FI004335,F020,C117,72,4,8,68,60,2027-01-01,8.20
FI004336,F020,C118,29,2,2,27,25,2027-01-01,8.65
FI004337,F020,C121,25,0,2,25,23,2027-01-01,10.00
FI004338,F020,C122,24,4,4,20,16,2027-01-01,10.45
FI004339,F020,C123,48,2,4,46,42,2027-01-01,10.90
FI004340,F020,C129,46,4,4,42,38,2027-01-01,13.60
FI004341,F020,C133,66,0,4,66,62,2027-01-01,15.40
FI004342,F020,C137,32,0,2,32,30,2027-01-01,17.20
FI004343,F020,C140,34,0,4,34,30,2027-01-01,18.55
FI004344,F020,C141,34,1,2,33,31,2027-01-01,19.00
FI004345,F020,C145,38,0,2,38,36,2027-01-01,20.80
FI004346,F020,C146,37,0,2,37,35,2027-01-01,21.25
FI004347,F020,C147,34,4,4,30,26,2027-01-01,21.70
FI004348,F020,C149,20,2,2,18,16,2027-01-01,22.60
FI004349,F020,C150,12,2,2,10,8,2027-01-01,23.05
FI004350,F020,C151,124,8,8,116,108,2027-01-01,1.00
FI004351,F020,C153,44,4,4,40,36,2027-01-01,1.90
FI004352,F020,C154,23,0,2,23,21,2027-01-01,2.35
FI004353,F020,C155,160,4,8,156,148,2027-01-01,2.80
FI004354,F020,C156,34,4,4,30,26,2027-01-01,3.25
FI004355,F020,C157,48,2,4,46,42,2027-01-01,3.70
FI004356,F020,C160,33,2,2,31,29,2027-01-01,5.05
FI004357,F020,C161,48,0,4,48,44,2027-01-01,5.50
FI004358,F020,C163,40,1,2,39,37,2027-01-01,6.40
FI004359,F020,C164,42,0,4,42,38,2027-01-01,6.85
FI004360,F020,C165,74,2,4,72,68,2027-01-01,7.30
FI004361,F020,C166,74,4,4,70,66,2027-01-01,7.75
FI004362,F020,C169,104,8,8,96,88,2027-01-01,9.10
FI004363,F020,C173,76,4,4,72,68,2027-01-01,10.90
FI004364,F020,C177,136,4,8,132,124,2027-01-01,12.70
FI004365,F020,C179,12,2,2,10,8,2027-01-01,13.60
FI004366,F020,C184,18,0,2,18,16,2027-01-01,15.85
FI004367,F020,C187,52,8,8,44,36,2027-01-01,17.20
FI004368,F020,C188,35,1,2,34,32,2027-01-01,17.65
FI004369,F020,C192,64,0,4,64,60,2027-01-01,19.45
FI004370,F020,C195,32,2,2,30,28,2027-01-01,20.80
FI004371,F020,C198,0,0,0,0,0,2027-01-01,22.15
FI004372,F020,C202,22,2,2,20,18,2027-01-01,1.45
FI004373,F020,C204,80,2,4,78,74,2027-01-01,2.35
FI004374,F020,C208,76,4,4,72,68,2027-01-01,4.15
FI004375,F020,C212,28,1,2,27,25,2027-01-01,5.95
FI004376,F020,C219,35,0,2,35,33,2027-01-01,9.10
FI004377,F020,C223,39,2,2,37,35,2027-01-01,10.90
FI004378,F020,C228,52,0,8,52,44,2027-01-01,13.15
FI004379,F020,C230,25,2,2,23,21,2027-01-01,14.05
FI004380,F020,C235,26,2,4,24,20,2027-01-01,16.30
FI004381,F020,C236,56,0,8,56,48,2027-01-01,16.75
FI004382,F020,C237,18,0,2,18,16,2027-01-01,17.20
FI004383,F020,C238,76,0,4,76,72,2027-01-01,17.65
FI004384,F020,C242,31,2,2,29,27,2027-01-01,19.45
FI004385,F020,C243,40,1,2,39,37,2027-01-01,19.90
FI004386,F020,C246,20,0,2,20,18,2027-01-01,21.25
FI004387,F020,C247,23,1,2,22,20,2027-01-01,21.70
FI004388,F020,C248,156,8,8,148,140,2027-01-01,22.15
FI004389,F020,C250,128,4,8,124,116,2027-01-01,23.05
FI004390,F020,C254,68,4,8,64,56,2027-01-01,2.35
FI004391,F020,C256,70,2,4,68,64,2027-01-01,3.25
FI004392,F020,C260,18,1,2,17,15,2027-01-01,5.05
FI004393,F020,C261,72,2,4,70,66,2027-01-01,5.50
FI004394,F020,C264,40,0,2,40,38,2027-01-01,6.85
FI004395,F020,C268,39,0,2,39,37,2027-01-01,8.65
FI004396,F020,C269,48,4,8,44,36,2027-01-01,9.10
FI004397,F020,C270,39,0,2,39,37,2027-01-01,9.55
FI004398,F020,C272,54,0,4,54,50,2027-01-01,10.45
FI004399,F020,C273,30,0,2,30,28,2027-01-01,10.90
FI004400,F020,C274,88,4,8,84,76,2027-01-01,11.35
FI004401,F020,C275,32,0,2,32,30,2027-01-01,11.80
FI004402,F020,C276,148,0,8,148,140,2027-01-01,12.25
FI004403,F020,C279,136,4,8,132,124,2027-01-01,13.60
FI004404,F020,C280,34,2,2,32,30,2027-01-01,14.05
FI004405,F020,C282,27,2,2,25,23,2027-01-01,14.95
FI004406,F020,C283,80,0,8,80,72,2027-01-01,15.40
FI004407,F020,C286,104,8,8,96,88,2027-01-01,16.75
FI004408,F020,C287,32,2,4,30,26,2027-01-01,17.20
FI004409,F020,C288,29,1,2,28,26,2027-01-01,17.65
FI004410,F020,C289,26,2,4,24,20,2027-01-01,18.10
FI004411,F020,C290,140,4,8,136,128,2027-01-01,18.55
FI004412,F020,C294,28,0,4,28,24,2027-01-01,20.35
FI004413,F020,C301,13,1,2,12,10,2027-01-01,1.00
FI004414,F020,C302,32,1,2,31,29,2027-01-01,1.45
FI004415,F020,C304,23,2,2,21,19,2027-01-01,2.35
FI004416,F020,C307,38,0,4,38,34,2027-01-01,3.70
FI004417,F020,C310,112,0,8,112,104,2027-01-01,5.05
FI004418,F020,C311,23,1,2,22,20,2027-01-01,5.50
FI004419,F020,C312,29,0,2,29,27,2027-01-01,5.95
FI004420,F020,C313,34,0,4,34,30,2027-01-01,6.40
FI004421,F020,C317,44,4,4,40,36,2027-01-01,8.20
FI004422,F020,C318,46,4,4,42,38,2027-01-01,8.65
FI004423,F020,C319,22,1,2,21,19,2027-01-01,9.10
FI004424,F020,C321,56,4,4,52,48,2027-01-01,10.00
FI004425,F020,C326,28,0,4,28,24,2027-01-01,12.25
FI004426,F020,C328,24,1,2,23,21,2027-01-01,13.15
FI004427,F020,C329,27,0,2,27,25,2027-01-01,13.60
FI004428,F020,C330,80,8,8,72,64,2027-01-01,14.05
FI004429,F020,C331,12,0,2,12,10,2027-01-01,14.50
FI004430,F020,C332,124,8,8,116,108,2027-01-01,14.95
FI004431,F020,C334,25,2,2,23,21,2027-01-01,15.85
FI004432,F020,C340,48,2,4,46,42,2027-01-01,18.55
FI004433,F020,C341,52,4,4,48,44,2027-01-01,19.00
FI004434,F020,C345,52,0,4,52,48,2027-01-01,20.80
FI004435,F020,C347,30,2,4,28,24,2027-01-01,21.70
FI004436,F020,C348,27,1,2,26,24,2027-01-01,22.15
FI004437,F020,C351,19,0,2,19,17,2027-01-01,1.00
FI004438,F020,C352,76,8,8,68,60,2027-01-01,1.45
FI004439,F020,C356,64,8,8,56,48,2027-01-01,3.25
FI004440,F020,C357,17,2,2,15,13,2027-01-01,3.70
FI004441,F020,C358,39,1,2,38,36,2027-01-01,4.15
FI004442,F020,C361,34,0,2,34,32,2027-01-01,5.50
FI004443,F020,C363,16,0,2,16,14,2027-01-01,6.40
FI004444,F020,C364,28,0,4,28,24,2027-01-01,6.85
FI004445,F020,C371,92,0,8,92,84,2027-01-01,10.00
FI004446,F020,C374,34,2,4,32,28,2027-01-01,11.35
FI004447,F020,C375,30,2,2,28,26,2027-01-01,11.80
FI004448,F020,C376,36,0,2,36,34,2027-01-01,12.25
FI004449,F020,C377,39,2,2,37,35,2027-01-01,12.70
FI004450,F020,C380,76,4,8,72,64,2027-01-01,14.05
FI004451,F020,C381,120,4,8,116,108,2027-01-01,14.50
FI004452,F020,C383,40,2,4,38,34,2027-01-01,15.40
FI004453,F020,C386,76,4,4,72,68,2027-01-01,16.75
FI004454,F020,C390,76,4,4,72,68,2027-01-01,18.55
FI004455,F020,C394,30,0,2,30,28,2027-01-01,20.35
FI004456,F020,C395,66,2,4,64,60,2027-01-01,20.80
FI004457,F020,C397,42,4,4,38,34,2027-01-01,21.70
FI004458,F020,C398,88,0,8,88,80,2027-01-01,22.15
FI004459,F020,C401,42,4,4,38,34,2027-01-01,1.00
FI004460,F020,C405,36,2,4,34,30,2027-01-01,2.80
FI004461,F020,C409,128,0,8,128,120,2027-01-01,4.60
FI004462,F020,C415,50,2,4,48,44,2027-01-01,7.30
FI004463,F020,C417,22,1,2,21,19,2027-01-01,8.20
FI004464,F020,C421,35,0,2,35,33,2027-01-01,10.00
FI004465,F020,C423,33,2,2,31,29,2027-01-01,10.90
FI004466,F020,C425,74,0,4,74,70,2027-01-01,11.80
FI004467,F020,C426,0,0,0,0,0,2027-01-01,12.25
FI004468,F020,C431,24,2,2,22,20,2027-01-01,14.50
FI004469,F020,C436,20,2,2,18,16,2027-01-01,16.75
FI004470,F020,C437,27,1,2,26,24,2027-01-01,17.20
FI004471,F020,C438,27,1,2,26,24,2027-01-01,17.65
FI004472,F020,C439,48,4,4,44,40,2027-01-01,18.10
FI004473,F020,C441,44,0,4,44,40,2027-01-01,19.00
FI004474,F020,C447,26,2,4,24,20,2027-01-01,21.70
FI004475,F020,C454,12,1,2,11,9,2027-01-01,2.35
FI004476,F020,C455,68,0,8,68,60,2027-01-01,2.80
FI004477,F020,C461,52,4,4,48,44,2027-01-01,5.50
FI004478,F020,C463,72,4,4,68,64,2027-01-01,6.40
FI004479,F020,C464,22,0,2,22,20,2027-01-01,6.85
FI004480,F020,C466,29,1,2,28,26,2027-01-01,7.75
FI004481,F020,C468,19,2,2,17,15,2027-01-01,8.65
FI004482,F020,C469,28,0,4,28,24,2027-01-01,9.10
FI004483,F020,C472,29,1,2,28,26,2027-01-01,10.45
FI004484,F020,C473,30,4,4,26,22,2027-01-01,10.90
FI004485,F020,C476,0,0,0,0,0,2027-01-01,12.25
FI004486,F020,C477,56,4,4,52,48,2027-01-01,12.70
FI004487,F020,C480,16,1,2,15,13,2027-01-01,14.05
FI004488,F020,C481,30,0,4,30,26,2027-01-01,14.50
FI004489,F020,C483,28,4,4,24,20,2027-01-01,15.40
FI004490,F020,C487,31,2,2,29,27,2027-01-01,17.20
FI004491,F020,C488,26,0,2,26,24,2027-01-01,17.65
FI004492,F020,C492,24,2,2,22,20,2027-01-01,19.45
FI004493,F020,C495,160,8,8,152,144,2027-01-01,20.80
FI004494,F020,C496,48,0,8,48,40,2027-01-01,21.25
FI004495,F020,C497,33,0,2,33,31,2027-01-01,21.70
FI004496,F020,C499,23,2,2,21,19,2027-01-01,22.60
